ID,Latitude,Longitude,Year,Country,Cyp51A AMR,MAT,Source,ITR MIC (ug/ml),VOR MIC (ug/ml),POS MIC (ug/ml),Tebuconazole (mg/L)
C1,53.800755,-1.549077,2012,UK,TR34/L98H,MAT1-1,Clinical,>16,1,0.5,
C10,52.132633,5.291266,2010,Netherlands,TR34/L98H,MAT1-2,Clinical,>16,4,0.5,
C100,52.486243,-1.890401,2016,UK,Wildtype,MAT1-2,Clinical,8,1,,
C101,52.205337,0.121817,2015,UK,TR34/L98H,MAT1-2,Clinical,16,1,,
C102,52.636878,-1.139759,2016,UK,G54R,MAT1-1,Clinical,>16,0.125,,
C103,51.486555,-0.219482,2015,UK,G54E,MAT1-1,Clinical,>16,0.25,0.5,
C104,51.525083,-0.136355,2015,UK,TR34/L98H,MAT1-2,Clinical,>16,2,,
C105,51.521879,-0.121042,2016,UK,TR34/L98H,MAT1-2,Clinical,>16,2,0.25,
C106,51.488709,-0.170508,2015,UK,G54W,MAT1-1,Clinical,,,,
C107,51.488709,-0.170508,2015,UK,TR34/L98H,MAT1-2,Clinical,,,,
C108,51.488709,-0.170508,2015,UK,G54W,MAT1-1,Clinical,,,,
C109,51.488709,-0.170508,2015,UK,Wildtype,MAT1-2,Clinical,,,,
C11,28.690637,77.20994,2009,India,TR34/L98H,MAT1-1,Clinical,>16,2,2,
C110,51.488709,-0.170508,2015,UK,Wildtype,MAT1-2,Clinical,,,,
C111,51.488709,-0.170508,2015,UK,Wildtype,MAT1-2,Clinical,,,,
C112,51.488709,-0.170508,2015,UK,G54W,MAT1-2,Clinical,,,,
C113,51.488709,-0.170508,2015,UK,G54W,MAT1-2,Clinical,,,,
C114,51.488709,-0.170508,2015,UK,G54W,MAT1-2,Clinical,,,,
C115,51.488709,-0.170508,2015,UK,TR34/L98H,MAT1-2,Clinical,,,,
C116,51.488709,-0.170508,2015,UK,TR34/L98H,MAT1-1,Clinical,,,,
C117,51.488709,-0.170508,2015,UK,G54W,MAT1-2,Clinical,,,,
C118,51.488709,-0.170508,2015,UK,Wildtype,MAT1-2,Clinical,,,,
C119,51.488709,-0.170508,2015,UK,Wildtype,MAT1-2,Clinical,,,,
C12,28.690637,77.20994,2009,India,TR34/L98H,MAT1-1,Clinical,>16,2,2,
C120,51.488709,-0.170508,2015,UK,P216L,MAT1-1,Clinical,,,,
C121,51.488709,-0.170508,2015,UK,Wildtype,MAT1-2,Clinical,,,,
C122,51.488709,-0.170508,2015,UK,G54W,MAT1-1,Clinical,,,,
C123,51.488709,-0.170508,2015,UK,TR34/L98H,MAT1-1,Clinical,,,,
C124,51.488709,-0.170508,2015,UK,G54W,MAT1-1,Clinical,,,,
C125,51.488709,-0.170508,2015,UK,TR34/L98H,MAT1-2,Clinical,,,,
C126,51.488709,-0.170508,2015,UK,TR34/L98H,MAT1-2,Clinical,,,,
C127,51.488709,-0.170508,2015,UK,P216L,MAT1-2,Clinical,,,,
C128,53.800755,-1.549077,2009,UK,Wildtype,MAT1-2,Clinical,0.5,0.125,0.03,
C129,53.800755,-1.549077,2009,UK,Wildtype,MAT1-2,Clinical,1,0.125,0.03,
C13,28.635709,77.240096,2011,India,TR34/L98H,MAT1-2,Clinical,>16,8,>8,
C130,53.800755,-1.549077,2009,UK,Wildtype,MAT1-2,Clinical,2,0.125,0.03,
C131,53.800755,-1.549077,2009,UK,TR34/L98H,MAT1-1,Clinical,>32,0.25,0.125,
C132,53.800755,-1.549077,2009,UK,TR34/L98H,MAT1-1,Clinical,16,0.25,0.125,
C133,53.800755,-1.549077,2009,UK,TR34/L98H,MAT1-1,Clinical,32,0.25,0.125,
C134,53.800755,-1.549077,2009,UK,Wildtype,MAT1-2,Clinical,,,,
C135,53.800755,-1.549077,2009,UK,Wildtype,MAT1-2,Clinical,,,,
C136,53.800755,-1.549077,2009,UK,Wildtype,MAT1-2,Clinical,,,,
C137,51.486555,-0.219482,2016,UK,TR34/L98H/T289A/I364V/G448S,MAT1-2,Clinical,16,>16,4,
C138,51.486555,-0.219482,2016,UK,TR34/L98H/T289A/I364V/G448S,MAT1-2,Clinical,16,>16,4,
C139,51.486555,-0.219482,2016,UK,TR34/L98H/T289A/I364V/G448S,MAT1-2,Clinical,16,>16,4,
C14,28.690637,77.20994,2012,India,TR34/L98H,MAT1-1,Clinical,>16,8,>8,
C140,51.486555,-0.219482,2016,UK,TR34/L98H/T289A/I364V/G448S,MAT1-2,Clinical,16,>16,4,
C141,51.486555,-0.219482,2016,UK,TR34/L98H,MAT1-2,Clinical,>16,2,0.5,
C142,51.486555,-0.219482,2016,UK,TR34/L98H,MAT1-2,Clinical,>16,2,0.5,
C143,51.486555,-0.219482,2017,UK,TR34/L98H,MAT1-1,Clinical,,,,
C144,51.486555,-0.219482,2015,UK,Wildtype,MAT1-1,Clinical,,,,
C145,51.486555,-0.219482,2015,UK,G54W,MAT1-1,Clinical,,,,
C146,51.488709,-0.170508,2015,UK,Wildtype,MAT1-2,Clinical,,,,
C147,51.488709,-0.170508,2014,UK,Wildtype,MAT1-1,Clinical,,,,
C148,51.488709,-0.170508,2015,UK,Wildtype,MAT1-2,Clinical,,,,
C149,51.488709,-0.170508,2015,UK,Wildtype,MAT1-1,Clinical,,,,
C15,36.594682,136.625573,2009,Japan,Wildtype,MAT1-1,Clinical,,,,
C150,51.488709,-0.170508,2016,UK,Wildtype,MAT1-1,Clinical,,,,
C151,51.488709,-0.170508,2015,UK,Wildtype,MAT1-2,Clinical,,,,
C152,51.488709,-0.170508,2015,UK,Wildtype,MAT1-2,Clinical,,,,
C153,51.488709,-0.170508,2015,UK,TR34/L98H,MAT1-2,Clinical,,,,
C154,51.488709,-0.170508,2016,UK,Wildtype,MAT1-2,Clinical,,,,
C155,51.488709,-0.170508,2015,UK,Wildtype,MAT1-1,Clinical,,,,
C156,51.488709,-0.170508,2015,UK,Wildtype,MAT1-1,Clinical,,,,
C157,51.488709,-0.170508,2016,UK,Wildtype,MAT1-2,Clinical,,,,
C158,51.488709,-0.170508,2016,UK,Wildtype,MAT1-1,Clinical,,,,
C159,51.488709,-0.170508,2015,UK,Wildtype,MAT1-1,Clinical,,,,
C16,35.605057,140.123306,2009,Japan,Wildtype,MAT1-2,Clinical,,,,
C160,51.488709,-0.170508,2015,UK,Wildtype,MAT1-2,Clinical,,,,
C161,51.488709,-0.170508,2015,UK,Wildtype,MAT1-1,Clinical,,,,
C162,51.488709,-0.170508,2015,UK,Wildtype,MAT1-2,Clinical,,,,
C163,51.488709,-0.170508,2015,UK,Wildtype,MAT1-1,Clinical,,,,
C164,51.488709,-0.170508,2015,UK,Wildtype,MAT1-2,Clinical,,,,
C165,51.488709,-0.170508,2015,UK,Wildtype,MAT1-2,Clinical,,,,
C166,51.488709,-0.170508,2015,UK,Wildtype,MAT1-2,Clinical,,,,
C167,51.488709,-0.170508,2015,UK,Wildtype,MAT1-1,Clinical,,,,
C168,51.488709,-0.170508,2016,UK,Wildtype,MAT1-1,Clinical,,,,
C169,51.488709,-0.170508,2014,UK,Wildtype,MAT1-2,Clinical,,,,
C17,35.605057,140.123306,2007,Japan,Wildtype,MAT1-1,Clinical,,,,
C170,51.488709,-0.170508,2014,UK,Wildtype,MAT1-1,Clinical,,,,
C171,51.488709,-0.170508,2014,UK,G54R,MAT1-2,Clinical,,,,
C172,51.488709,-0.170508,2014,UK,Wildtype,MAT1-1,Clinical,,,,
C173,51.488709,-0.170508,2015,UK,Wildtype,MAT1-2,Clinical,,,,
C174,37.741249,-25.675594,1937,,Wildtype,MAT1-1,Clinical,,,,
C175,37.741249,-25.675594,1945,,Wildtype,MAT1-1,Clinical,,,,
C176,41.603221,-73.087749,1921,USA,Wildtype,MAT1-2,Clinical,,,,
C177,-31.253218,146.921099,2015,Australia,Wildtype,MAT1-1,Clinical,,,,
C178,-31.253218,146.921099,2015,Australia,Wildtype,MAT1-1,Clinical,,,,
C179,-31.253218,146.921099,2017,Australia,G54R,MAT1-1,Clinical,,,,
C18,35.605057,140.123306,2009,Japan,Wildtype,MAT1-2,Clinical,,,,
C180,-31.253218,146.921099,2016,Australia,Wildtype,MAT1-2,Clinical,,,,
C181,-37.471308,144.785153,2012,Australia,Wildtype,MAT1-1,Clinical,,,,
C182,-31.253218,146.921099,2016,Australia,Wildtype,MAT1-2,Clinical,,,,
C183,-31.253218,146.921099,2016,Australia,Wildtype,MAT1-2,Clinical,,,,
C184,-31.253218,146.921099,2015,Australia,Wildtype,MAT1-2,Clinical,,,,
C185,-37.471308,144.785153,2016,Australia,G54R,MAT1-1,Clinical,,,,
C186,-41.45452,145.970665,2016,Australia,TR34/L98H,MAT1-2,Clinical,,,,
C187,53.551086,9.993682,2011,Germany,TR34/L98H,MAT1-2,Clinical,,,,
C188,25.044416,121.523606,2014,Taiwan ,TR34/L98H,MAT1-1,Clinical,,,,
C189,6.25064,-75.57036,2017,Colombia,Wildtype,MAT1-2,Clinical,,,,
C19,35.605057,140.123306,2011,Japan,Wildtype,MAT1-2,Clinical,,,,
C190,6.25064,-75.57036,2017,Colombia,Wildtype,MAT1-2,Clinical,,,,
C191,53.349804,-6.26031,,Republic of Ireland,TR34/L98H,MAT1-2,Clinical,,,,
C192,53.349804,-6.26031,,Republic of Ireland,TR34/L98H,MAT1-1,Clinical,,,,
C193,53.349804,-6.26031,,Republic of Ireland,TR34/L98H,MAT1-2,Clinical,,,,
C194,53.349804,-6.26031,,Republic of Ireland,TR34/L98H,MAT1-1,Environmental,,,,
C195,53.349804,-6.26031,,Republic of Ireland,TR46/Y121F/T289A,MAT1-2,Clinical,,,,
C196,53.349804,-6.26031,,Republic of Ireland,TR34/L98H,MAT1-2,Clinical,,,,
C197,53.349804,-6.26031,,Republic of Ireland,TR46/Y121F/T289A,MAT1-2,Clinical,,,,
C198,53.349804,-6.26031,,Republic of Ireland,Wildtype,MAT1-2,Clinical,,,,
C199,53.349804,-6.26031,,Republic of Ireland,Wildtype,MAT1-2,Clinical,,,,
C2,53.800755,-1.549077,2012,UK,TR34/L98H,MAT1-1,Clinical,>16,1,0.5,
C20,35.605057,140.123306,2009,Japan,Wildtype,MAT1-2,Clinical,,,,
C200,53.349804,-6.26031,,Republic of Ireland,Wildtype,MAT1-2,Clinical,,,,
C201,51.000061,3.32499,2015,Belgium,TR46/Y121F/T289A,MAT1-2,Environmental,>8,>16,1,
C202,50.879845,4.700518,2014,Belgium,TR46/Y121F/T289A,MAT1-1,Environmental,>16,>16,1,
C203,50.836601,4.30708,2016,Belgium,TR34/L98H,MAT1-2,Environmental,>8,4,1,
C204,50.836601,4.30708,2016,Belgium,TR46/Y121F/T289A,MAT1-1,Environmental,>8,>16,1,
C205,50.879845,4.700518,2016,Belgium,TR34/L98H,MAT1-1,Environmental,>8,8,2,
C206,50.879845,4.700518,2016,Belgium,TR34/L98H,MAT1-1,Environmental,>16,1,1,
C207,50.836601,4.30708,2016,Belgium,TR46/Y121F/T289A,MAT1-2,Environmental,0.5,>16,0.5,
C208,50.879845,4.700518,2017,Belgium,TR46/Y121F/T289A,MAT1-2,Environmental,2,<16,1,
C209,42.923809,143.196632,2013,Japan,Wildtype,MAT1-1,Clinical,,,,
C21,35.605057,140.123306,2012,Japan,Wildtype,MAT1-1,Clinical,,,,
C210,42.923809,143.196632,2013,Japan,Wildtype,MAT1-2,Clinical,,,,
C211,42.923809,143.196632,2013,Japan,Wildtype,MAT1-2,Clinical,,,,
C212,42.923809,143.196632,2015,Japan,Wildtype,MAT1-2,Clinical,,,,
C213,42.923809,143.196632,2015,Japan,Wildtype,MAT1-2,Clinical,,,,
C214,42.923809,143.196632,2016,Japan,TR34/L98H,MAT1-1,Clinical,,,,
C215,51.812565,5.837226,1998,Netherlands,TR34/L98H,MAT1-2,Clinical,>16,1,0.5,
C216,51.812565,5.837226,2000,Netherlands,TR34/L98H,MAT1-2,Clinical,>16,4,0.5,
C217,51.812565,5.837226,2001,Netherlands,TR34/L98H,MAT1-2,Clinical,>16,2,0.5,
C218,51.812565,5.837226,2002,Netherlands,TR34/L98H,MAT1-2,Clinical,>16,2,1,
C219,51.812565,5.837226,2003,Netherlands,TR34/L98H,MAT1-2,Clinical,>16,4,0.25,
C22,35.689487,139.691706,2012,Japan,Wildtype,MAT1-2,Clinical,,,,
C220,51.812565,5.837226,2004,Netherlands,TR34/L98H,MAT1-2,Clinical,>16,4,0.5,
C221,51.812565,5.837226,2005,Netherlands,TR34/L98H,MAT1-2,Clinical,>16,2,0.5,
C222,52.090736,5.12142,2006,Netherlands,TR34/L98H,MAT1-2,Clinical,4,8,0.5,
C223,52.090736,5.12142,2007,Netherlands,TR34/L98H,MAT1-2,Clinical,>16,8,0.25,
C224,53.201233,5.799913,2007,Netherlands,TR34/L98H,MAT1-2,Clinical,>16,2,0.5,
C225,51.924419,4.477733,2007,Netherlands,TR34/L98H,MAT1-2,Clinical,>16,2,0.5,
C226,52.370216,4.895168,2008,Netherlands,TR34/L98H,MAT1-2,Clinical,>16,4,0.5,
C227,51.924419,4.477733,2008,Netherlands,TR34/L98H,MAT1-2,Clinical,>16,1,0.25,
C228,53.219383,6.566502,2008,Netherlands,TR34/L98H,MAT1-2,Clinical,>16,2,0.5,
C229,53.219383,6.566502,2009,Netherlands,TR34/L98H,MAT1-2,Clinical,>16,4,0.5,
C23,35.501133,134.235091,2009,Japan,Wildtype,MAT1-2,Clinical,,,,
C230,52.090736,5.12142,2009,Netherlands,TR46/Y121F/T289A,MAT1-2,Clinical,4,>16,0.25,
C231,53.219383,6.566502,2010,Netherlands,TR34/L98H,MAT1-2,Clinical,>16,16,1,
C232,51.812565,5.837226,2010,Netherlands,TR46/Y121F/T289A,MAT1-2,Clinical,0.5,>16,0.25,
C233,52.090736,5.12142,2011,Netherlands,TR34/L98H,MAT1-2,Clinical,>16,4,16,
C234,51.924419,4.477733,2012,Netherlands,TR34/L98H,MAT1-2,Clinical,>16,16,8,
C235,52.221539,6.893662,2012,Netherlands,TR46/Y121F/T289A,MAT1-2,Clinical,>16,>16,0.5,
C236,51.812565,5.837226,2013,Netherlands,TR46/Y121F/T289A,MAT1-2,Clinical,8,>16,0.5,
C237,53.219383,6.566502,2014,Netherlands,TR34/L98H,MAT1-2,Clinical,>16,8,0.5,
C238,51.812565,5.837226,2016,Netherlands,Wildtype,MAT1-2,Clinical,>8,4,0.5,
C239,51.812565,5.837226,2016,Netherlands,TR34/L98H,MAT1-2,Clinical,>16,4,1,
C24,32.750286,129.877667,2009,Japan,Wildtype,MAT1-2,Clinical,,,,
C240,52.370216,4.895168,2016,Netherlands,TR34/L98H,MAT1-2,Clinical,>8,8,0.5,
C241,53.219383,6.566502,2016,Netherlands,TR34/L98H,MAT1-2,Clinical,>8,2,0.5,
C242,51.924419,4.477733,2016,Netherlands,TR34/L98H,MAT1-2,Clinical,>8,2,1,
C243,50.851368,5.690972,2016,Netherlands,TR34/L98H,MAT1-2,Clinical,>8,4,4,
C244,51.812565,5.837226,2016,Netherlands,TR46/Y121F/T289A,MAT1-2,Clinical,0.5,>8,1,
C245,51.924419,4.477733,2017,Netherlands,TR34/L98H,MAT1-2,Clinical,>16,8,1,
C246,53.219383,6.566502,2017,Netherlands,TR34/L98H,MAT1-2,Clinical,>16,>8,>8,
C247,52.342201,5.636742,2017,Netherlands,TR46/Y121F/T289A,MAT1-2,Clinical,1,>8,1,
C248,53.219383,6.566502,2017,Netherlands,TR46/Y121F/T289A,MAT1-2,Clinical,2,>8,1,
C249,53.219383,6.566502,2017,Netherlands,TR46/Y121F/T289A,MAT1-2,Clinical,>16,>8,0.5,
C25,35.605057,140.123306,2009,Japan,Wildtype,MAT1-2,Clinical,,,,
C251,37.09024,-95.712891,,USA,Wildtype,MAT1-2,Clinical,,,,
C252,43.193851,-71.572395,2018,USA,Wildtype,MAT1-2,Clinical,,,,
C253,37.09024,-95.712891,2013,USA,G54W,MAT1-2,Clinical,,,,
C254,41.203323,-77.194527,,USA,Wildtype,MAT1-2,Clinical,,,,
C255,38.907192,-77.036873,,USA,Wildtype,MAT1-2,Clinical,,,,
C256,31.968599,-99.90181,,USA,Wildtype,MAT1-2,Clinical,,,,
C257,37.431572,-78.656891,,USA,Wildtype,MAT1-2,Clinical,,,,
C258,36.778259,-119.417931,,USA,Wildtype,MAT1-2,Clinical,,,,
C259,37.09024,-95.712891,2015,USA,Wildtype,MAT1-2,Clinical,,,,
C26,35.605057,140.123306,2010,Japan,Wildtype,MAT1-2,Clinical,,,,
C260,37.09024,-95.712891,2015,USA,Wildtype,MAT1-2,Clinical,,,,
C261,37.09024,-95.712891,2013,USA,P216L,MAT1-2,Clinical,,,,
C262,37.09024,-95.712891,,USA,Wildtype,MAT1-2,Clinical,,,,
C263,37.09024,-95.712891,2012,USA,Wildtype,MAT1-2,Clinical,,,,
C264,37.09024,-95.712891,2011,USA,Wildtype,MAT1-2,Clinical,,,,
C265,37.09024,-95.712891,2012,USA,Wildtype,MAT1-2,Clinical,,,,
C266,37.09024,-95.712891,2011,USA,Wildtype,MAT1-2,Clinical,,,,
C267,37.09024,-95.712891,2010,USA,Wildtype,MAT1-2,Clinical,,,,
C268,37.09024,-95.712891,2011,USA,Wildtype,MAT1-2,Clinical,,,,
C269,37.09024,-95.712891,2012,USA,Wildtype,MAT1-2,Clinical,,,,
C27,34.655146,133.919502,2010,Japan,Wildtype,MAT1-1,Clinical,,,,
C270,37.09024,-95.712891,2010,USA,Wildtype,MAT1-2,Clinical,,,,
C271,37.09024,-95.712891,2010,USA,Wildtype,MAT1-2,Clinical,,,,
C272,37.09024,-95.712891,2010,USA,Wildtype,MAT1-2,Clinical,,,,
C273,37.09024,-95.712891,2010,USA,Wildtype,MAT1-2,Clinical,,,,
C274,37.09024,-95.712891,2013,USA,Wildtype,MAT1-2,Clinical,,,,
C275,37.09024,-95.712891,2011,USA,Wildtype,MAT1-2,Clinical,,,,
C276,37.09024,-95.712891,2012,USA,Wildtype,MAT1-2,Clinical,,,,
C277,37.09024,-95.712891,2012,USA,Wildtype,MAT1-2,Clinical,,,,
C278,37.09024,-95.712891,2012,USA,Wildtype,MAT1-2,Clinical,,,,
C279,37.09024,-95.712891,2012,USA,Wildtype,MAT1-2,Clinical,,,,
C28,35.605057,140.123306,2012,Japan,Wildtype,MAT1-1,Clinical,,,,
C280,37.09024,-95.712891,2012,USA,Wildtype,MAT1-2,Clinical,,,,
C281,37.09024,-95.712891,2012,USA,Wildtype,MAT1-2,Clinical,,,,
C282,37.09024,-95.712891,2011,USA,Wildtype,MAT1-2,Clinical,,,,
C283,32.165623,-82.900078,,USA,Wildtype,MAT1-2,Clinical,,,,
C284,35.51749,-86.580444,,USA,Wildtype,MAT1-2,Clinical,,,,
C285,41.203323,-77.194527,,USA,Wildtype,MAT1-2,Environmental,,,,
C286,40.267193,-86.134903,,USA,Wildtype,MAT1-2,Environmental,,,,
C287,40.267193,-86.134903,,USA,Wildtype,MAT1-2,Environmental,,,,
C288,38.907192,-77.036873,,USA,Wildtype,MAT1-2,Environmental,,,,
C289,40.712776,-74.005974,,USA,Wildtype,MAT1-2,Environmental,,,,
C29,34.693738,135.502165,2012,Japan,Wildtype,MAT1-2,Clinical,,,,
C290,32.165623,-82.900078,,USA,Wildtype,MAT1-2,Clinical,,,,
C291,41.203323,-77.194527,,USA,Wildtype,MAT1-2,Environmental,,,,
C292,36.778259,-119.417931,,USA,Wildtype,MAT1-2,Clinical,,,,
C293,36.778259,-119.417931,,USA,Wildtype,MAT1-2,Clinical,,,,
C294,36.778259,-119.417931,,USA,Wildtype,MAT1-2,Environmental,,,,
C295,45.253784,-69.445473,,USA,Wildtype,MAT1-2,Clinical,,,,
C296,39.550053,-105.782066,,USA,Wildtype,MAT1-2,Clinical,,,,
C297,39.550053,-105.782066,,USA,Wildtype,MAT1-2,Clinical,,,,
C298,32.165623,-82.900078,,USA,Wildtype,MAT1-2,Clinical,,,,
C299,44.314842,-85.602364,,USA,Wildtype,MAT1-2,Clinical,,,,
C3,53.800755,-1.549077,2009,UK,Wildtype,MAT1-2,Clinical,1,0.25,0.06,
C30,35.180188,136.906565,2013,Japan,Wildtype,MAT1-1,Clinical,,,,
C300,53.4877463,-2.2891921,,UK,Wildtype,MAT1-2,Environmental,,,,
C301,53.4877463,-2.2891921,,UK,Wildtype,MAT1-2,Environmental,,,,
C302,36.778259,-119.417931,,USA,Wildtype,MAT1-2,Clinical,,,,
C303,34.048927,-111.093735,,USA,Wildtype,MAT1-2,Clinical,,,,
C304,38.907192,-77.036873,,USA,Wildtype,MAT1-2,Clinical,,,,
C305,34.519939,-105.870087,,USA,Wildtype,MAT1-2,Clinical (listed as Environmental in Cramer lab database),,,,
C306,51.488709,-0.170508,2016,UK,TR34/L98H,MAT1-1,Clinical,,,,
C307,51.488709,-0.170508,2017,UK,TR34/L98H,MAT1-1,Clinical,,,,
C308,51.488709,-0.170508,2018,UK,TR34/L98H,MAT1-1,Clinical,,,,
C309,51.488709,-0.170508,2018,UK,TR34/L98H,MAT1-2,Clinical,,,,
C31,35.689487,139.691706,2014,Japan,Wildtype,MAT1-1,Clinical,,,,
C310,51.488709,-0.170508,2016,UK,TR34/L98H,MAT1-1,Clinical,,,,
C311,51.488709,-0.170508,2017,UK,Wildtype,MAT1-2,Clinical,,,,
C312,51.488709,-0.170508,2015,UK,Wildtype,MAT1-1,Clinical,S,S,,
C313,51.488709,-0.170508,2017,UK,Wildtype,MAT1-1,Clinical,>4,0.5,0.25,
C314,51.488709,-0.170508,2017,UK,Wildtype,MAT1-1,Clinical,,,,
C315,51.488709,-0.170508,2017,UK,Wildtype,MAT1-1,Clinical,,,,
C316,51.488709,-0.170508,2017,UK,Wildtype,MAT1-1,Clinical,,,,
C317,51.488709,-0.170508,2016,UK,M220K,MAT1-1,Clinical,,,,
C318,51.488709,-0.170508,2018,UK,TR34/L98H,MAT1-1,Clinical,,,,
C319,51.488709,-0.170508,2017,UK,TR34/L98H,MAT1-1,Clinical,>4,1,0.25,
C32,48.856613,2.352222,1989,France,Wildtype,MAT1-1,Clinical,,,,
C320,51.488709,-0.170508,2016,UK,TR34/L98H,MAT1-1,Clinical,>4,1,0.5,
C321,51.488709,-0.170508,2017,UK,TR34/L98H,MAT1-1,Clinical,,,,
C322,51.488709,-0.170508,2018,UK,TR34/L98H,MAT1-1,Clinical,,,,
C323,51.488709,-0.170508,2017,UK,TR34/L98H,MAT1-2,Clinical,>4,0.25,0.0625,
C324,51.488709,-0.170508,2015,UK,Wildtype,MAT1-2,Clinical,S,S,,
C325,51.488709,-0.170508,2017,UK,Wildtype,MAT1-2,Clinical,2,1,0.125,
C326,51.488709,-0.170508,2018,UK,Wildtype,MAT1-2,Clinical,,,,
C327,51.488709,-0.170508,2018,UK,Wildtype,MAT1-1,Clinical,,,,
C328,51.488709,-0.170508,2018,UK,Wildtype,MAT1-1,Clinical,,,,
C329,51.488709,-0.170508,2017,UK,Wildtype,MAT1-1,Clinical,>4,0.25,0.125,
C33,53.480759,-2.242631,1997,UK,Wildtype,MAT1-2,Clinical,,,,
C330,51.488709,-0.170508,2017,UK,TR34/L98H,MAT1-1,Clinical,>4,4,1,
C331,51.488709,-0.170508,2017,UK,Wildtype,MAT1-2,Clinical,,,,
C332,51.488709,-0.170508,2017,UK,Wildtype,MAT1-2,Clinical,,,,
C333,51.488709,-0.170508,2017,UK,Wildtype,MAT1-2,Clinical,,,,
C334,51.488709,-0.170508,2017,UK,Wildtype,MAT1-1,Clinical,2,0.5,0.0625,
C335,51.488709,-0.170508,2016,UK,Wildtype,MAT1-2,Clinical,,,,
C336,51.488709,-0.170508,2016,UK,Wildtype,MAT1-1,Clinical,,,,
C337,51.488709,-0.170508,2016,UK,Wildtype,MAT1-1,Clinical,2,0.25,0.125,
C338,51.488709,-0.170508,2017,UK,Wildtype,MAT1-2,Clinical,>4,0.5,0.125,
C339,51.488709,-0.170508,2015,UK,Wildtype,MAT1-1,Clinical,,,,
C34,51.481581,-3.17909,2013,UK,TR34/L98H,MAT1-2,Clinical,,,,
C340,51.488709,-0.170508,2016,UK,Wildtype,MAT1-1,Clinical,,,,
C341,51.488709,-0.170508,2016,UK,Wildtype,MAT1-2,Clinical,,,,
C342,51.488709,-0.170508,2017,UK,Wildtype,MAT1-2,Clinical,2,0.25,0.125,
C343,51.488709,-0.170508,2017,UK,Wildtype,MAT1-1,Clinical,>4,0.5,0.125,
C344,51.488709,-0.170508,2018,UK,Wildtype,MAT1-1,Clinical,,,,
C345,51.488709,-0.170508,2016,UK,Wildtype,MAT1-1,Clinical,,,,
C346,51.488709,-0.170508,2017,UK,TR34/L98H,MAT1-1,Clinical,>4,0.25,0.125,
C347,51.488709,-0.170508,2017,UK,Wildtype,MAT1-1,Clinical,,,,
C348,51.488709,-0.170508,2016,UK,TR34/L98H,MAT1-1,Clinical,,,,
C349,51.488709,-0.170508,2017,UK,TR34/L98H,MAT1-1,Clinical,>4,1,0.5,
C35,51.481581,-3.17909,2015,UK,TR34/L98H,MAT1-2,Clinical,,,,
C350,51.488709,-0.170508,2015,UK,Wildtype,MAT1-2,Clinical,,,,
C351,51.488709,-0.170508,2016,UK,L98H/M220K,MAT1-2,Clinical,,,,
C352,51.488709,-0.170508,2016,UK,L98H/M220K,MAT1-2,Clinical,,,,
C353,51.488709,-0.170508,2018,UK,L98H/M220K,MAT1-1,Clinical,,,,
C354,51.488709,-0.170508,2017,UK,Wildtype,MAT1-2,Clinical,,,,
C355,51.488709,-0.170508,2016,UK,Wildtype,MAT1-2,Clinical,,,,
C356,51.488709,-0.170508,2016,UK,Wildtype,MAT1-2,Clinical,,,,
C357,51.488709,-0.170508,2017,UK,Wildtype,MAT1-1,Clinical,,,,
C358,51.488709,-0.170508,2016,UK,TR34/L98H,MAT1-1,Clinical,,,,
C359,51.488709,-0.170508,2016,UK,Wildtype,MAT1-1,Clinical,,,,
C36,51.481581,-3.17909,2015,UK,Wildtype,MAT1-1,Clinical,,,,
C360,51.488709,-0.170508,2017,UK,Wildtype,MAT1-2,Clinical,0.0625,0.031,0.015,
C361,51.488709,-0.170508,2016,UK,Wildtype,MAT1-1,Clinical,,,,
C362,51.488709,-0.170508,2016,UK,Wildtype,MAT1-2,Clinical,,,,
C363,51.488709,-0.170508,2017,UK,Wildtype,MAT1-1,Clinical,0.25,0.125,0.031,
C364,51.488709,-0.170508,2016,UK,Wildtype,MAT1-2,Clinical,,,,
C365,51.488709,-0.170508,2018,UK,Wildtype,MAT1-1,Clinical,,,,
C366,51.488709,-0.170508,2016,UK,Wildtype,MAT1-2,Clinical,,,,
C367,51.488709,-0.170508,2017,UK,Wildtype,MAT1-1,Clinical,<0.031,0.031,<0.0078,
C368,51.488709,-0.170508,2017,UK,Wildtype,MAT1-2,Clinical,,,,
C369,51.488709,-0.170508,2016,UK,Wildtype,MAT1-2,Clinical,,,,
C37,51.481581,-3.17909,2013,UK,Wildtype,MAT1-1,Clinical,,,,
C370,51.488709,-0.170508,2017,UK,Wildtype,MAT1-2,Clinical,<0.031,0.125,0.0625,
C371,51.488709,-0.170508,2017,UK,Wildtype,MAT1-2,Clinical,,,,
C372,51.488709,-0.170508,2016,UK,G54W,MAT1-2,Clinical,,,,
C373,51.488709,-0.170508,2017,UK,Wildtype,MAT1-2,Clinical,,,,
C374,51.488709,-0.170508,2016,UK,Wildtype,MAT1-1,Clinical,,,,
C375,51.488709,-0.170508,2016,UK,Wildtype,MAT1-2,Clinical,,,,
C376,51.488709,-0.170508,2018,UK,Wildtype,MAT1-2,Clinical,,,,
C377,51.488709,-0.170508,2018,UK,TR34/L98H,MAT1-2,Clinical,,,,
C378,51.488709,-0.170508,2016,UK,Wildtype,MAT1-2,Clinical,,,,
C379,51.488709,-0.170508,2016,UK,Wildtype,MAT1-2,Clinical,,,,
C38,51.481581,-3.17909,2013,UK,Wildtype,MAT1-1,Clinical,,,,
C380,51.488709,-0.170508,2018,UK,Wildtype,MAT1-1,Clinical,,,,
C381,51.488709,-0.170508,2017,UK,Wildtype,MAT1-2,Clinical,,,,
C382,51.488709,-0.170508,2016,UK,Wildtype,MAT1-2,Clinical,,,,
C383,51.488709,-0.170508,2019,UK,Wildtype,MAT1-1,Clinical,,,,
C384,51.488709,-0.170508,2016,UK,Wildtype,MAT1-2,Clinical,,,,
C385,51.488709,-0.170508,2017,UK,Wildtype,MAT1-1,Clinical,<0.031,0.0625,0.015,
C386,51.488709,-0.170508,2017,UK,Wildtype,MAT1-1,Clinical,0.5,0.125,0.0625,
C387,51.488709,-0.170508,2016,UK,Wildtype,MAT1-2,Clinical,,,,
C388,51.488709,-0.170508,2017,UK,Wildtype,MAT1-2,Clinical,,,,
C389,51.488709,-0.170508,2017,UK,Wildtype,MAT1-2,Clinical,,,,
C39,51.481581,-3.17909,2014,UK,Wildtype,MAT1-1,Clinical,,,,
C390,51.488709,-0.170508,2016,UK,Wildtype,MAT1-2,Clinical,,,,
C391,51.488709,-0.170508,2017,UK,Wildtype,MAT1-2,Clinical,,,,
C392,51.488709,-0.170508,2017,UK,Wildtype,MAT1-1,Clinical,,,,
C393,51.488709,-0.170508,2016,UK,Wildtype,MAT1-1,Clinical,,,,
C394,51.488709,-0.170508,2016,UK,Wildtype,MAT1-2,Clinical,,,,
C395,51.488709,-0.170508,2017,UK,Wildtype,MAT1-2,Clinical,0.5,0.0625,0.015,
C396,51.488709,-0.170508,2017,UK,Wildtype,MAT1-1,Clinical,<0.031,0.031,0.015,
C397,51.488709,-0.170508,2018,UK,Wildtype,MAT1-2,Clinical,,,,
C398,51.488709,-0.170508,2018,UK,Wildtype,MAT1-2,Clinical,,,,
C399,51.488709,-0.170508,2016,UK,Wildtype,MAT1-2,Clinical,,,,
C4,53.800755,-1.549077,2012,UK,Wildtype,MAT1-1,Clinical,1,0.5,0.25,
C40,51.481581,-3.17909,2014,UK,Wildtype,MAT1-1,Clinical,,,,
C400,51.488709,-0.170508,2016,UK,Wildtype,MAT1-2,Clinical,,,,
C401,51.488709,-0.170508,,UK,Wildtype,MAT1-2,Clinical,,,,
C41,51.481581,-3.17909,2014,UK,Wildtype,MAT1-2,Clinical,,,,
C42,53.349805,-6.26031,2013,Republic of Ireland,Wildtype,MAT1-1,Clinical,0.06,0.25,0.03,
C43,53.349805,-6.26031,2011,Republic of Ireland,Wildtype,MAT1-1,Clinical,0.25,0.25,0.25,
C44,53.349805,-6.26031,2011,Republic of Ireland,Wildtype,MAT1-2,Clinical,0.25,0.25,0.12,
C45,53.349805,-6.26031,2011,Republic of Ireland,Wildtype,MAT1-2,Clinical,0.03,0.12,0.015,
C46,53.349805,-6.26031,2011,Republic of Ireland,Wildtype,MAT1-2,Clinical,0.03,0.12,0.015,
C47,53.349805,-6.26031,2011,Republic of Ireland,Wildtype,MAT1-2,Clinical,0.03,0.12,0.015,
C48,53.349805,-6.26031,2011,Republic of Ireland,Wildtype,MAT1-2,Clinical,0.03,0.12,0.015,
C49,53.349805,-6.26031,2011,Republic of Ireland,Wildtype,MAT1-2,Clinical,0.03,0.015,0.015,
C5,53.800755,-1.549077,2012,UK,Wildtype,MAT1-2,Clinical,0.5,0.125,0.06,
C50,53.349805,-6.26031,2011,Republic of Ireland,Wildtype,MAT1-2,Clinical,0.03,0.015,0.015,
C51,53.349805,-6.26031,2012,Republic of Ireland,Wildtype,MAT1-1,Clinical,0.12,0.25,0.06,
C52,53.349805,-6.26031,2012,Republic of Ireland,Wildtype,MAT1-1,Clinical,0.25,0.12,0.06,
C53,53.349805,-6.26031,2013,Republic of Ireland,Wildtype,MAT1-2,Clinical,0.06,0.25,0.03,
C54,53.349805,-6.26031,2012,Republic of Ireland,Wildtype,MAT1-2,Clinical,<0.015,0.12,0.03,
C55,53.349805,-6.26031,2012,Republic of Ireland,Wildtype,MAT1-2,Clinical,0.25,0.12,0.06,
C56,53.349805,-6.26031,2012,Republic of Ireland,Wildtype,MAT1-2,Clinical,0.06,0.25,0.03,
C57,53.349805,-6.26031,2013,Republic of Ireland,Wildtype,MAT1-2,Clinical,0.03,0.25,0.015,
C58,53.349805,-6.26031,2010,Republic of Ireland,Wildtype,MAT1-1,Clinical,0.12,0.12,0.015,
C59,53.349805,-6.26031,2010,Republic of Ireland,Wildtype,MAT1-1,Clinical,0.06,0.06,0.03,
C6,53.800755,-1.549077,2012,UK,Wildtype,MAT1-1,Clinical,0.5,0.5,0.06,
C60,53.349805,-6.26031,2012,Republic of Ireland,Wildtype,MAT1-1,Clinical,0.03,0.12,0.015,
C61,53.349805,-6.26031,2013,Republic of Ireland,Wildtype,MAT1-1,Clinical,0.25,0.12,0.06,
C62,53.349805,-6.26031,2013,Republic of Ireland,Wildtype,MAT1-1,Clinical,0.12,0.12,0.03,
C63,53.349805,-6.26031,2013,Republic of Ireland,Wildtype,MAT1-1,Clinical,0.03,0.25,0.015,
C64,53.349805,-6.26031,2013,Republic of Ireland,Wildtype,MAT1-1,Clinical,0.03,0.25,0.015,
C65,53.349805,-6.26031,2013,Republic of Ireland,Wildtype,MAT1-1,Clinical,0.03,0.12,0.015,
C66,53.349805,-6.26031,2013,Republic of Ireland,Wildtype,MAT1-1,Clinical,0.25,0.25,0.12,
C67,53.349805,-6.26031,2010,Republic of Ireland,Wildtype,MAT1-1,Clinical,0.03,0.12,0.015,
C68,53.349805,-6.26031,2010,Republic of Ireland,Wildtype,MAT1-1,Clinical,0.03,0.12,0.015,
C69,53.349805,-6.26031,2013,Republic of Ireland,TR34/L98H,MAT1-2,Clinical,0.25,0.25,0.06,
C7,52.132633,5.291266,2003,Netherlands,TR34/L98H,MAT1-1,Clinical,>16,1,1,
C70,53.349805,-6.26031,,Republic of Ireland,TR34/L98H,MAT1-2,Clinical,1,0.5,0.25,
C71,53.349805,-6.26031,,Republic of Ireland,TR34/L98H,MAT1-2,Clinical,1,1,0.25,
C72,53.349805,-6.26031,2011,Republic of Ireland,Wildtype,MAT1-1,Clinical,0.12,0.03,0.008,
C73,53.349805,-6.26031,2011,Republic of Ireland,Wildtype,MAT1-1,Clinical,0.03,0.12,0.015,
C74,53.349805,-6.26031,2011,Republic of Ireland,Wildtype,MAT1-2,Clinical,0.03,0.12,0.015,
C75,53.349805,-6.26031,2011,Republic of Ireland,Wildtype,MAT1-2,Clinical,0.03,0.12,0.015,
C76,53.349805,-6.26031,,Republic of Ireland,Wildtype,MAT1-1,Clinical,0.25,0.25,0.12,
C77,53.349805,-6.26031,2015,Republic of Ireland,Wildtype,MAT1-1,Clinical,0.25,0.25,0.06,
C78,53.349805,-6.26031,2015,Republic of Ireland,TR34/L98H,MAT1-2,Clinical,4,2,1,
C79,53.349805,-6.26031,2015,Republic of Ireland,TR34/L98H,MAT1-2,Clinical,N/A,N/A,N/A,
C8,52.132633,5.291266,2005,Netherlands,TR34/L98H,MAT1-2,Clinical,>16,1,0.5,
C80,53.349805,-6.26031,2015,Republic of Ireland,TR34/L98H,MAT1-2,Clinical,4,4,0.5,
C81,55.598676,-2.72191,2013,UK,TR34/L98H,MAT1-1,Clinical,2,2,0.5,
C82,50.82253,-0.137163,2014,UK,TR34/L98H,MAT1-2,Clinical,16,4,,
C84,36.778261,-119.417932,1997,USA,G54E,MAT1-2,Clinical,,,,
C85,51.507351,-0.127758,2015,UK,TR34/L98H,MAT1-2,Clinical,1,2,,
C86,55.953252,-3.188267,2015,UK,TR34/L98H,MAT1-1,Clinical,>16,0.5,1,
C87,55.953252,-3.188267,2015,UK,TR34/L98H,MAT1-2,Clinical,>16,4,,
C88,51.507351,-0.127758,2014,UK,TR34/L98H,MAT1-2,Clinical,2,4,,
C89,51.507351,-0.127758,2015,UK,TR34/L98H,MAT1-2,Clinical,1,4,,
C9,52.132633,5.291266,2004,Netherlands,TR34/L98H,MAT1-1,Clinical,>16,4,1,
C90,52.205337,0.121817,2015,UK,TR34/L98H,MAT1-2,Clinical,16,1,,
C91,53.408371,-2.991573,2015,UK,TR34/L98H,MAT1-1,Clinical,>16,1,,
C92,51.481581,-3.17909,2015,UK,TR34/L98H,MAT1-2,Clinical,>16,1,,
C93,51.450179,-2.583294,2016,UK,TR34/L98H,MAT1-1,Clinical,16,2,,
C94,51.518222,-0.058518,2016,UK,TR34/L98H,MAT1-2,Clinical,16,2,,
C95,51.650746,-0.215259,2016,UK,Wildtype,MAT1-1,Clinical,,0.25,,
C96,55.922125,-3.134835,2015,UK,TR34/L98H,MAT1-1,Clinical,>16,2,,
C97,51.486555,-0.219482,2017,UK,TR34/L98H,MAT1-1,Clinical,4,1,0.25,
C99,51.481581,-3.17909,2016,UK,Wildtype,MAT1-2,Clinical,1,2,,
E1,52.132633,5.291266,2008,Netherlands,TR34/L98H,MAT1-1,Environmental,>16,2,0.25,
E10,51.538694,-3.125695,2015,UK,TR34/L98H,MAT1-2,Environmental,Inconclusive,2,0.25,
E100,30.200678,30.78384,2002,South Africa,Wildtype,MAT1-2,Environmental,,,,
E101,8.524139,76.936638,1997,India,Wildtype,MAT1-2,Environmental,,,,
E102,27.17667,78.008075,1997,India,Wildtype,MAT1-1,Environmental,,,,
E103,27.17667,78.008075,1997,India,Wildtype,MAT1-2,Environmental,,,,
E104,27.17667,78.008075,1997,India,Wildtype,MAT1-1,Environmental,,,,
E105,-31.253218,146.921099,1988,Australia,Wildtype,MAT1-2,Environmental,,,,
E106,-31.253218,146.921099,1988,Australia,Wildtype,MAT1-1,Environmental,,,,
E107,52.954783,-1.158109,2012,UK,Wildtype,MAT1-2,Environmental,,,,
E108,-33.924869,18.424055,2001,South Africa,Wildtype,MAT1-1,Environmental,,,,
E109,-33.924869,18.424055,2001,South Africa,Wildtype,MAT1-1,Environmental,,,,
E11,51.538694,-3.125695,2015,UK,TR34/L98H,MAT1-2,Environmental,Inconclusive,2,0.12,
E110,-33.924869,18.424055,2001,South Africa,Wildtype,MAT1-2,Environmental,,,,
E111,10.823099,106.629664,2002,Vietnam,Wildtype,MAT1-1,Environmental,,,,
E112,10.823099,106.629664,2002,Vietnam,Wildtype,MAT1-1,Environmental,,,,
E113,31.23039,121.473702,2004,China,Wildtype,MAT1-1,Environmental,,,,
E114,31.23039,121.473702,2004,China,Wildtype,MAT1-2,Environmental,,,,
E115,30.274084,120.15507,2004,China,Wildtype,MAT1-2,Environmental,,,,
E116,30.274084,120.15507,2004,China,Wildtype,MAT1-2,Environmental,,,,
E117,-15.387526,28.322817,,Zambia,Wildtype,MAT1-2,Environmental,,,,
E118,-23.55052,-46.633309,1991,Brazil,Wildtype,MAT1-2,Environmental,,,,
E119,-23.55052,-46.633309,1991,Brazil,Wildtype,MAT1-2,Environmental,,,,
E12,51.550026,-3.122601,2015,UK,Wildtype,MAT1-2,Environmental,>16,8,<0.5,
E120,21.438912,-158.000057,1997,USA,Wildtype,MAT1-1,Environmental,,,,
E121,-17.825166,31.03351,2002,Zimbabwe,Wildtype,MAT1-2,Environmental,,,,
E122,6.886177,79.92782,1991,Sri Lanka,Wildtype,MAT1-1,Environmental,,,,
E123,-17.825166,31.03351,2002,Zimbabwe,Wildtype,MAT1-2,Environmental,,,,
E125,29.951066,-90.071532,,USA,Wildtype,MAT1-1,Environmental,,,,
E126,-20.348404,57.552152,2002,Mauritius,Wildtype,MAT1-1,Environmental,,,,
E127,19.432608,-99.133208,2005,Mexico,Wildtype,MAT1-2,Environmental,,,,
E128,19.432608,-99.133208,2005,Mexico,Wildtype,MAT1-1,Environmental,,,,
E129,33.836593,-117.914301,1999,USA,Wildtype,MAT1-1,Environmental,,,,
E13,51.441624,-3.276812,2015,UK,TR34/L98H,MAT1-2,Environmental,Inconclusive,2,0.12,
E130,23.03034,-81.532215,1999,Cuba,Wildtype,MAT1-1,Environmental,,,,
E131,18.52043,73.856744,1998,India,Wildtype,MAT1-2,Environmental,,,,
E132,18.52043,73.856744,1998,India,Wildtype,MAT1-2,Environmental,,,,
E133,52.954783,-1.158109,2012,UK,Wildtype,MAT1-2,Environmental,,,,
E134,34.092809,-118.328661,1999,USA,Wildtype,MAT1-2,Environmental,,,,
E135,23.03034,-81.532215,1999,Cuba,Wildtype,MAT1-1,Environmental,,,,
E136,53.70039,-0.80657,2010,UK,Wildtype,MAT1-2,Environmental,,,,
E137,41.203322,-77.194525,,USA,Wildtype,MAT1-2,Environmental,,,,
E138,40.267194,-86.134902,,USA,Wildtype,MAT1-1,Environmental,,,,
E139,38.907192,-77.036871,,USA,Wildtype,MAT1-1,Environmental,,,,
E14,51.441624,-3.276812,2015,UK,TR34/L98H,MAT1-2,Environmental,Inconclusive,2,0.25,
E140,40.712775,-74.005973,,USA,Wildtype,MAT1-2,Environmental,,,,
E141,41.203322,-77.194525,,USA,Wildtype,MAT1-2,Environmental,,,,
E142,39.045755,-76.641271,,USA,Wildtype,MAT1-1,Environmental,,,,
E143,36.778261,-119.417932,2009,USA,Wildtype,MAT1-2,Environmental,,,,
E144,36.778261,-119.417932,2009,USA,Wildtype,MAT1-1,Environmental,,,,
E145,32.165622,-82.900075,,USA,TR34/L98H,MAT1-2,Environmental,,,,
E146,32.165622,-82.900075,,USA,Wildtype,MAT1-2,Environmental,,,,
E147,32.165622,-82.900075,,USA,Wildtype,MAT1-2,Environmental,,,,
E148,32.165622,-82.900075,,USA,TR34/L98H,MAT1-2,Environmental,,,,
E149,32.165622,-82.900075,,USA,TR34/L98H,MAT1-2,Environmental,,,,
E15,51.443712,-3.302592,2015,UK,TR34/L98H,MAT1-2,Environmental,>16,4,0.25,
E150,-31.253218,146.921099,,Australia,Wildtype,MAT1-1,Environmental,,,,
E151,-31.253218,146.921099,,Australia,Wildtype,MAT1-1,Environmental,,,,
E152,-31.253218,146.921099,,Australia,Wildtype,MAT1-2,Environmental,,,,
E153,-31.253218,146.921099,,Australia,Wildtype,MAT1-2,Environmental,,,,
E154,-31.253218,146.921099,,Australia,Wildtype,MAT1-1,Environmental,,,,
E155,-31.253218,146.921099,,Australia,Wildtype,MAT1-2,Environmental,,,,
E156,-31.253218,146.921099,,Australia,Wildtype,MAT1-1,Environmental,,,,
E157,-31.253218,146.921099,,Australia,Wildtype,MAT1-2,Environmental,,,,
E158,-31.253218,146.921099,,Australia,Wildtype,MAT1-1,Environmental,,,,
E159,-31.253218,146.921099,,Australia,Wildtype,MAT1-2,Environmental,,,,
E16,51.425458,-3.556041,2015,UK,TR34/L98H,MAT1-2,Environmental,>16,2,0.12,
E160,20.593683,78.962883,2013,India,Wildtype,MAT1-2,Environmental,,,,
E161,20.593683,78.962883,2013,India,Wildtype,MAT1-2,Environmental,,,,
E162,20.593683,78.962883,2012,India,Wildtype,MAT1-2,Environmental,,,,
E163,20.593683,78.962883,2013,India,Wildtype,MAT1-2,Environmental,,,,
E164,20.593683,78.962883,2012,India,Wildtype,MAT1-2,Environmental,,,,
E165,20.593683,78.962883,2012,India,Wildtype,MAT1-2,Environmental,,,,
E166,20.593683,78.962883,2013,India,Wildtype,MAT1-2,Environmental,,,,
E167,20.593683,78.962883,2013,India,Wildtype,MAT1-2,Environmental,,,,
E168,51.644042,10.124085,2012,Germany,TR46/Y121F/T289A,MAT1-2,Environmental,,,,
E169,51.484095,10.844456,2012,Germany,TR34/L98H,MAT1-2,Environmental,,,,
E17,51.839927,-4.151486,2015,UK,TR34/L98H,MAT1-2,Environmental,>16,8,0.5,
E170,52.633889,13.468333,2012,Germany,TR34/L98H,MAT1-1,Environmental,,,,
E171,51.756353,14.714227,2012,Germany,TR46/Y121F/T289A,MAT1-2,Environmental,,,,
E172,48.460863,12.73122,2012,Germany,Wildtype,MAT1-2,Environmental,,,,
E173,52.059497,7.935299,2012,Germany,TR46/Y121F/T289A,MAT1-2,Environmental,,,,
E174,2.522382,32.15589,2015,Tanzania,Wildtype,MAT1-2,Environmental,,,,
E175,2.831621,32.21512,2015,Tanzania,Wildtype,MAT1-2,Environmental,,,,
E176,12.601831,102.091747,2015,Thailand,TR34/L98H,MAT1-2,Environmental,,,,
E177,17.488187,101.494309,2015,Thailand,TR34/L98H,MAT1-2,Environmental,,,,
E178,14.966809,102.096655,2015,Thailand,TR34/L98H,MAT1-1,Environmental,,,,
E179,14.022859,101.621766,2015,Thailand,TR34/L98H,MAT1-2,Environmental,,,,
E18,51.839927,-4.151486,2015,UK,TR34/L98H,MAT1-2,Environmental,>16,2,0.25,
E180,23.762833,120.352996,2015,Taiwan ,TR34/L98H,MAT1-2,Environmental,,,,
E181,24.186362,120.813869,2016,Taiwan ,TR34/L98H,MAT1-2,Environmental,,,,
E182,25.109649,121.5702,2016,Taiwan ,TR34/L98H,MAT1-1,Environmental,,,,
E183,23.95339,121.40587,2015,Taiwan ,TR34/L98H,MAT1-2,Environmental,,,,
E184,25.079108,121.3885,2015,Taiwan ,Wildtype,MAT1-2,Environmental,,,,
E185,23.050888,121.164519,2015,Taiwan ,TR34/L98H,MAT1-2,Environmental,,,,
E186,24.502326,120.838267,2015,Taiwan ,Wildtype,MAT1-1,Environmental,,,,
E187,22.782196,120.378147,2015,Taiwan ,Wildtype,MAT1-2,Environmental,,,,
E188,23.98967,120.56588,2016,Taiwan ,TR34/L98H,MAT1-2,Environmental,,,,
E19,51.839927,-4.151486,2015,UK,TR34/L98H,MAT1-2,Environmental,>16,4,0.25,
E190,51.60844,-1.24484,2017,UK,TR34/L98H,MAT1-1,Environmental,,,,
E191,51.51284,-0.16145,2017,UK,TR34/L98H,MAT1-2,Environmental,,,,
E192,51.51284,-0.16145,2017,UK,Wildtype,MAT1-2,Environmental,,,,
E193,51.51284,-0.16145,2017,UK,Wildtype,MAT1-1,Environmental,,,,
E194,51.51284,-0.16145,2017,UK,Wildtype,MAT1-2,Environmental,,,,
E195,51.51284,-0.16145,2017,UK,Wildtype,MAT1-2,Environmental,,,,
E196,6.25064,-75.57036,2017,Colombia,TR34/L98H,MAT1-1,Environmental,,,,
E197,6.25064,-75.57036,2017,Colombia,TR34/L98H,MAT1-2,Environmental,,,,
E198,6.25064,-75.57036,2017,Colombia,TR46/Y121F/T289A,MAT1-1,Environmental,,,,
E199,6.25064,-75.57036,2017,Colombia,TR46/Y121F/T289A,MAT1-2,Environmental,,,,
E2,52.132633,5.291266,2008,Netherlands,Wildtype,MAT1-1,Environmental,0.25,0.5,0.06,
E20,51.418406,-3.370837,2015,UK,TR34/L98H,MAT1-2,Environmental,>16,2,0.12,
E200,6.25064,-75.57036,2017,Colombia,TR46/Y121F/T289A,MAT1-2,Environmental,,,,
E201,57.149715,-2.094278,2016,UK,TR34/L98H,MAT1-1,Environmental,4,0.5,,
E202,57.149715,-2.094278,2016,UK,TR34,MAT1-1,Environmental,>16,2,,
E203,57.149715,-2.094278,2016,UK,TR34/L98H,MAT1-1,Environmental,,0.25,,
E204,57.149715,-2.094278,2016,UK,Wildtype,MAT1-2,Environmental,1,0.5,,
E205,57.149715,-2.094278,2016,UK,TR34/L98H,MAT1-2,Environmental,4,0.5,,
E206,57.149715,-2.094278,2016,UK,TR34/L98H,MAT1-1,Environmental,1,0.5,,
E207,43.82485,143.84176,2013,Japan,Wildtype,MAT1-2,Environmental,,,,
E208,43.82485,143.84176,2013,Japan,Wildtype,MAT1-2,Environmental,,,,
E209,43.82485,143.84176,2013,Japan,Wildtype,MAT1-2,Environmental,,,,
E21,51.418406,-3.370837,2015,UK,TR34/L98H,MAT1-2,Environmental,>16,>8,0.5,
E210,43.82485,143.84176,2013,Japan,Wildtype,MAT1-1,Environmental,,,,
E211,43.82485,143.84176,2013,Japan,Wildtype,MAT1-1,Environmental,,,,
E212,43.82485,143.84176,2013,Japan,Wildtype,MAT1-2,Environmental,,,,
E213,42.80067,143.506083,2013,Japan,Wildtype,MAT1-2,Environmental,,,,
E214,42.80067,143.506083,2013,Japan,Wildtype,MAT1-1,Environmental,,,,
E215,42.80067,143.506083,2013,Japan,Wildtype,MAT1-2,Environmental,,,,
E216,42.80067,143.506083,2013,Japan,Wildtype,MAT1-2,Environmental,,,,
E217,42.80067,143.506083,2013,Japan,Wildtype,MAT1-2,Environmental,,,,
E218,42.80067,143.506083,2013,Japan,Wildtype,MAT1-2,Environmental,,,,
E219,42.80067,143.506083,2013,Japan,Wildtype,MAT1-2,Environmental,,,,
E22,51.418406,-3.370837,2015,UK,TR34/L98H,MAT1-2,Environmental,>16,8,<0.5,
E220,43.82485,143.84176,2013,Japan,Wildtype,MAT1-1,Environmental,,,,
E221,42.871877,143.174227,2013,Japan,Wildtype,MAT1-2,Environmental,,,,
E222,43.82485,143.84176,2013,Japan,Wildtype,MAT1-2,Environmental,,,,
E223,51.481583,-3.17909,,UK,TR46/Y121F/T289A,MAT1-2,Environmental,,,,
E224,51.481583,-3.17909,,UK,TR46/Y121F/T289A,MAT1-2,Environmental,,,,
E225,54.525963,15.255119,2015,Europe,Wildtype,MAT1-2,Environmental,,,,
E226,51.815529,-0.36066,2015,UK,Wildtype,MAT1-2,Environmental,,,,
E23,51.474035,-3.479485,2015,UK,TR34/L98H,MAT1-2,Environmental,>16,2,0.12,
E235,52.132633,5.291266,2015,Netherlands,TR34/L98H,MAT1-2,Environmental,,,,
E236,34.047863,100.619652,2015,Asia,TR34/L98H,MAT1-2,Environmental,,,,
E237,34.047863,100.619652,2015,Asia,TR34/L98H,MAT1-2,Environmental,,,,
E238,52.132633,5.291266,2015,Netherlands,TR34/L98H,MAT1-2,Environmental,,,,
E239,52.132633,5.291266,2015,Netherlands,TR34/L98H,MAT1-2,Environmental,,,,
E24,51.474035,-3.479485,2015,UK,TR34/L98H,MAT1-2,Environmental,>16,2,0.12,
E240,34.047863,100.619652,2015,Asia,TR34/L98H,MAT1-2,Environmental,,,,
E241,52.132633,5.291266,2015,Netherlands,TR34/L98H,MAT1-2,Environmental,,,,
E242,51.815529,-0.36066,2015,UK,TR34/L98H,MAT1-2,Environmental,,,,
E243,54.525963,15.255119,2015,Europe,TR34/L98H,MAT1-2,Environmental,,,,
E244,52.132633,5.291266,2015,Netherlands,TR34/L98H,MAT1-2,Environmental,,,,
E245,52.132633,5.291266,2015,Netherlands,TR34/L98H,MAT1-2,Environmental,,,,
E246,-22.73591,140.018768,2015,Oceania,TR34/L98H,MAT1-2,Environmental,,,,
E247,51.815529,-0.36066,2015,UK,TR34/L98H,MAT1-2,Environmental,,,,
E248,52.132633,5.291266,2015,Netherlands,TR34/L98H,MAT1-2,Environmental,,,,
E249,52.132633,5.291266,2015,Netherlands,TR34/L98H/T289A,MAT1-2,Environmental,,,,
E25,51.474035,-3.479485,2015,UK,TR34/L98H,MAT1-2,Environmental,>16,2,0.12,
E250,52.132633,5.291266,2018,Netherlands,TR46/Y121F/T289A,MAT1-2,Environmental,,,,
E251,34.047863,100.619652,2015,Asia,TR46/Y121F/T289A,MAT1-2,Environmental,,,,
E252,51.815529,-0.36066,2015,UK,TR46/Y121F/T289A,MAT1-2,Environmental,,,,
E253,51.815529,-0.36066,2015,UK,TR46/Y121F/T289A,MAT1-2,Environmental,,,,
E254,52.132633,5.291266,2015,Netherlands,TR46/Y121F/T289A,MAT1-2,Environmental,,,,
E255,51.815529,-0.36066,2015,UK,TR46/Y121F/T289A,MAT1-2,Environmental,,,,
E256,52.132633,5.291266,2015,Netherlands,TR46/Y121F/T289A,MAT1-2,Environmental,,,,
E257,52.132633,5.291266,2018,Netherlands,TR46/Y121F/T289A,MAT1-2,Environmental,,,,
E258,-8.783195,-55.491478,2015,South America,TR46/Y121F/T289A,MAT1-2,Environmental,,,,
E259,-8.783195,34.508522,2015,Africa,TR46/Y121F/T289A,MAT1-2,Environmental,,,,
E26,51.474035,-3.479485,2015,UK,TR34/L98H,MAT1-2,Environmental,>16,1,0.25,
E260,-8.783195,-55.491478,2015,South America,TR46/Y121F/T289A,MAT1-2,Environmental,,,,
E261,-8.783195,34.508522,2015,Africa,Wildtype,MAT1-2,Environmental,,,,
E262,51.815529,-0.36066,2015,UK,Wildtype,MAT1-2,Environmental,,,,
E263,52.132633,5.291266,2015,Netherlands,Wildtype,MAT1-2,Environmental,,,,
E264,51.815529,-0.36066,2015,UK,Wildtype,MAT1-2,Environmental,,,,
E265,51.815529,-0.36066,2015,UK,Wildtype,MAT1-2,Environmental,,,,
E266,54.525963,15.255119,2015,Europe,Wildtype,MAT1-2,Environmental,,,,
E267,51.815529,-0.36066,2015,UK,Wildtype,MAT1-2,Environmental,,,,
E268,51.815529,-0.36066,2015,UK,Wildtype,MAT1-2,Environmental,,,,
E269,54.525963,15.255119,2015,Europe,Wildtype,MAT1-2,Environmental,,,,
E27,51.421121,-3.178953,2015,UK,TR34/L98H,MAT1-2,Environmental,>16,2,<0.25,
E270,51.815529,-0.36066,2015,UK,Wildtype,MAT1-2,Environmental,,,,
E271,51.815529,-0.36066,2015,UK,Wildtype,MAT1-2,Environmental,,,,
E272,52.132633,5.291266,2015,Netherlands,Wildtype,MAT1-2,Environmental,,,,
E274,54.525963,15.255119,2015,Europe,Wildtype,MAT1-2,Environmental,,,,
E275,51.815529,-0.36066,2015,UK,Wildtype,MAT1-2,Environmental,,,,
E276,51.815529,-0.36066,2015,UK,Wildtype,MAT1-2,Environmental,,,,
E277,54.525963,15.255119,2015,Europe,Wildtype,MAT1-2,Environmental,,,,
E278,54.525963,15.255119,2015,Europe,Wildtype,MAT1-2,Environmental,,,,
E279,-22.73591,140.018768,2015,Oceania,Wildtype,MAT1-2,Environmental,,,,
E28,51.815258,-5.080186,2015,UK,TR34/L98H,MAT1-2,Environmental,>16,2,0.025,
E280,51.815529,-0.36066,2015,UK,Wildtype,MAT1-2,Environmental,,,,
E281,52.132633,5.291266,2007,Netherlands,TR34/L98H,MAT1-2,Environmental,>16,4,0.5,
E282,52.132633,5.291266,2007,Netherlands,TR34/L98H,MAT1-2,Environmental,>16,4,0.5,
E283,37.957539,-121.29245,2016,USA,Wildtype,MAT1-2,Environmental,,,,
E285,40.51175,-106.01011,2015,USA,Wildtype,MAT1-2,Environmental,,,,
E286,26.24715,-98.479622,2015,USA,Wildtype,MAT1-2,Environmental,,,,
E29,51.578603,-3.002994,2015,UK,TR34/L98H,MAT1-2,Environmental,>16,2,0.12,
E3,52.132633,5.291266,2008,Netherlands,TR34/L98H,MAT1-1,Environmental,>16,4,0.5,
E30,51.578603,-3.002994,2015,UK,TR34/L98H,MAT1-2,Environmental,Inconclusive,2,0.12,
E31,51.578603,-3.002994,2015,UK,TR34/L98H,MAT1-2,Environmental,Inconclusive,2,0.12,
E32,51.513482,-3.184956,2015,UK,TR34/L98H,MAT1-2,Environmental,>16,4,0.25,
E33,51.505766,-3.173847,2015,UK,G54R,MAT1-2,Environmental,>16,0.25,1,
E34,51.505766,-3.173847,2015,UK,TR34/L98H,MAT1-2,Environmental,>16,1,0.25,
E35,51.505766,-3.173847,2015,UK,TR34/L98H,MAT1-1,Environmental,>16,4,0.25,
E36,51.505766,-3.173847,2015,UK,TR34/L98H,MAT1-2,Environmental,>16,4,0.5,
E37,51.505766,-3.173847,2015,UK,TR34/L98H,MAT1-2,Environmental,Inconclusive,2,0.25,
E38,51.644322,-2.674872,2015,UK,TR34/L98H,MAT1-2,Environmental,Inconclusive,2,0.12,
E39,53.349805,-6.26031,2014,Republic of Ireland,TR34/L98H,MAT1-1,Environmental,N/A,N/A,N/A,
E4,52.132633,5.291266,2008,Netherlands,TR34/L98H,MAT1-2,Environmental,>16,2,0.5,
E40,53.349805,-6.26031,2014,Republic of Ireland,TR46/Y121F/T289A,MAT1-2,Environmental,N/A,N/A,N/A,
E41,53.349805,-6.26031,2014,Republic of Ireland,TR34/L98H,MAT1-2,Environmental,N/A,N/A,N/A,
E42,53.349805,-6.26031,2016,Republic of Ireland,TR34/L98H,MAT1-2,Environmental,N/A,N/A,N/A,
E43,53.349805,-6.26031,2016,Republic of Ireland,TR34/L98H,MAT1-1,Environmental,N/A,N/A,N/A,
E44,53.349805,-6.26031,2015,Republic of Ireland,TR46/Y121F/T289A,MAT1-1,Environmental,N/A,N/A,N/A,
E45,53.349805,-6.26031,2015,Republic of Ireland,TR34/L98H,MAT1-2,Environmental,N/A,N/A,N/A,
E46,53.349805,-6.26031,2015,Republic of Ireland,TR46/Y121F/T289A,MAT1-2,Environmental,N/A,N/A,N/A,
E48,53.349805,-6.26031,2015,Republic of Ireland,TR46/Y121F/T289A,MAT1-1,Environmental,N/A,N/A,N/A,
E49,53.349805,-6.26031,2015,Republic of Ireland,TR34/L98H,MAT1-2,Environmental,N/A,N/A,N/A,
E5,28.690637,77.20994,2011,India,TR34/L98H,MAT1-1,Environmental,>16,8,1,
E50,53.349805,-6.26031,2015,Republic of Ireland,TR46/Y121F/T289A,MAT1-2,Environmental,N/A,N/A,N/A,
E52,53.349805,-6.26031,2015,Republic of Ireland,Wildtype,MAT1-1,Environmental,N/A,N/A,N/A,
E53,53.349805,-6.26031,2015,Republic of Ireland,Wildtype,MAT1-2,Environmental,N/A,N/A,N/A,
E56,51.165691,10.451526,1919,Germany,Wildtype,MAT1-2,Environmental,,,,
E57,-0.383106,-90.423334,1965,Ecuador,Wildtype,MAT1-2,Environmental,,,,
E58,42.341868,-95.477781,1984,USA,Wildtype,MAT1-1,Environmental,,,,
E59,50.4501,30.5234,1967,Ukraine,Wildtype,MAT1-2,Environmental,,,,
E6,25.096074,85.313119,2011,India,TR34/L98H,MAT1-1,Environmental,16,16,2,
E60,26.846694,80.946166,1968,India,Wildtype,MAT1-2,Environmental,,,,
E61,26.846694,80.946166,1967,India,Wildtype,MAT1-1,Environmental,,,,
E62,52.20877,5.299412,1964,Netherlands,Wildtype,MAT1-2,Environmental,,,,
E63,52.20877,5.299412,1964,Netherlands,Wildtype,MAT1-2,Environmental,,,,
E64,52.20877,5.299412,1964,Netherlands,Wildtype,MAT1-2,Environmental,,,,
E65,52.20877,5.299412,1964,Netherlands,Wildtype,MAT1-1,Environmental,,,,
E66,52.20877,5.299412,1964,Netherlands,Wildtype,MAT1-2,Environmental,,,,
E67,52.20877,5.299412,1964,Netherlands,Wildtype,MAT1-2,Environmental,,,,
E68,52.215859,5.25336,1964,Netherlands,Wildtype,MAT1-1,Environmental,,,,
E69,52.213385,5.263519,1964,Netherlands,Wildtype,MAT1-2,Environmental,,,,
E7,25.096074,85.313119,2011,India,TR34/L98H,MAT1-1,Environmental,>16,8,1,
E70,52.213385,5.263519,1964,Netherlands,Wildtype,MAT1-1,Environmental,,,,
E71,52.215859,5.25336,1964,Netherlands,Wildtype,MAT1-2,Environmental,,,,
E72,52.20877,5.299412,1964,Netherlands,Wildtype,MAT1-2,Environmental,,,,
E73,52.20877,5.299412,1964,Netherlands,Wildtype,MAT1-1,Environmental,,,,
E74,46.227638,2.213749,1964,France,Wildtype,MAT1-2,Environmental,,,,
E75,52.20877,5.299412,1964,Netherlands,Wildtype,MAT1-2,Environmental,,,,
E76,52.209246,5.293116,1964,Netherlands,Wildtype,MAT1-1,Environmental,,,,
E77,52.20877,5.299412,1964,Netherlands,Wildtype,MAT1-2,Environmental,,,,
E78,52.20877,5.299412,1964,Netherlands,Wildtype,MAT1-2,Environmental,,,,
E79,37.441883,-122.143019,,USA,Wildtype,MAT1-1,Environmental,,,,
E8,28.690637,77.20994,2011,India,TR34/L98H,MAT1-1,Environmental,>16,8,1,
E80,39.925946,-75.11962,,USA,Wildtype,MAT1-2,Environmental,,,,
E81,53.349805,-6.26031,2005,Republic of Ireland,Wildtype,MAT1-1,Environmental,,,,
E82,53.349805,-6.26031,2005,Republic of Ireland,Wildtype,MAT1-2,Environmental,,,,
E83,53.349805,-6.26031,2005,Republic of Ireland,Wildtype,MAT1-2,Environmental,,,,
E84,53.349805,-6.26031,2005,Republic of Ireland,Wildtype,MAT1-1,Environmental,,,,
E85,43.722839,10.401689,1982,Italy,Wildtype,MAT1-2,Environmental,,,,
E86,13.756331,100.501765,1983,Thailand,Wildtype,MAT1-2,Environmental,,,,
E88,37.774929,-122.419416,1988,USA,Wildtype,MAT1-2,Environmental,,,,
E89,36.85292,10.321724,1983,Tunisia,Wildtype,MAT1-1,Environmental,,,,
E9,51.484577,-3.185252,2015,UK,TR34/L98H,MAT1-2,Environmental,Inconclusive,2,0.12,
E90,38.591052,-9.040525,1985,Portugal,Wildtype,MAT1-1,Environmental,,,,
E91,47.497912,19.040235,1977,Hungary,Wildtype,MAT1-1,Environmental,,,,
E92,46.786324,17.494077,1985,Hungary,Wildtype,MAT1-2,Environmental,,,,
E93,37.774929,-122.419416,1988,USA,Wildtype,MAT1-2,Environmental,,,,
E94,-23.55052,-46.633309,1991,Brazil,Wildtype,MAT1-1,Environmental,,,,
E96,-17.825166,31.03351,2002,Zimbabwe,Wildtype,MAT1-2,Environmental,,,,
E97,-17.825166,31.03351,2002,Zimbabwe,Wildtype,MAT1-2,Environmental,,,,
E98,8.524139,76.936638,1997,India,Wildtype,MAT1-2,Environmental,,,,
E99,-28.75322,31.893512,2002,South Africa ,Wildtype,MAT1-1,Environmental,,,,
U1,53.349805,-6.26031,2010,Republic of Ireland,Wildtype,MAT1-2,Clinical,0.03,0.25,0.015,
U2,53.349805,-6.26031,,Republic of Ireland,Wildtype,MAT1-2,Clinical,0.03,0.12,0.015,
U3,53.349805,-6.26031,2011,Republic of Ireland,Wildtype,MAT1-2,Clinical,0.06,0.25,0.03,
U4,34.519939,-105.870087,,USA,Wildtype,MAT1-2,Environmental,,,,
U5,34.519939,-105.870087,,USA,Wildtype,MAT1-2,Environmental,,,,
X1,51.507351,-0.127758,2018,UK,Wildtype,MAT1-2,Experimental,,,,
X2,51.507351,-0.127758,2018,UK,Wildtype,MAT1-2,Experimental,,,,
C402,52.083828,5.119674,2020,Netherlands,Wildtype,MAT1-2,Clinical,,,,
C403,52.083828,5.119674,2020,Netherlands,Wildtype,MAT1-2,Clinical,,,,
C404,52.083828,5.119674,2020,Netherlands,Wildtype,MAT1-2,Clinical,,,,
C405,52.083828,5.119674,2020,Netherlands,Wildtype,MAT1-2,Clinical,,,,
C406,52.083828,5.119674,2020,Netherlands,Wildtype,MAT1-2,Clinical,,,,
C407,52.083828,5.119674,2020,Netherlands,Wildtype,MAT1-1,Clinical,,,,
C408,52.083828,5.119674,2020,Netherlands,Wildtype,MAT1-2,Clinical,,,,
C409,52.083828,5.119674,2020,Netherlands,Wildtype,MAT1-2,Clinical,,,,
C410,52.083828,5.119674,2020,Netherlands,Wildtype,MAT1-2,Clinical,,,,
C411,35.60413,140.135986,2009,Japan,Wildtype,MAT1-2,Clinical,0.5,1,,
C412,35.60413,140.135986,2009,Japan,Wildtype,MAT1-2,Clinical,0.5,0.5,,
C413,35.60413,140.135986,2009,Japan,Wildtype,MAT1-2,Clinical,0.5,0.5,,
C414,35.60413,140.135986,2009,Japan,Wildtype,MAT1-2,Clinical,0.5,0.5,,
C415,35.60413,140.135986,2009,Japan,Wildtype,MAT1-2,Clinical,1,0.5,,
C416,35.60413,140.135986,2009,Japan,Wildtype,MAT1-2,Clinical,1,1,,
C417,35.60413,140.135986,2009,Japan,Wildtype,MAT1-2,Clinical,1,2,,
C418,35.60413,140.135986,2011,Japan,P216L,MAT1-2,Clinical,4,1,,
C419,56.162937,10.203921,2014,Denmark,Wildtype,MAT1-2,Clinical,0.5,1,0.125,
C420,56.162937,10.203921,2016,Denmark,TR120,MAT1-2,Clinical,16,4,0.5,
C421,56.162937,10.203921,2016,Denmark,TR120,MAT1-2,Clinical,>16,4,0.5,
E401,-38.1088427,176.2214061,2011,New Zealand,Wildtype,MAT1-1,Environmental,,,,
E402,-46.7732247,167.6352639,2018,New Zealand,Wildtype,MAT1-2,Environmental,,,,
E403,-46.7732247,167.6352639,2019,New Zealand,Wildtype,MAT1-2,Environmental,,,,
E404,-46.7732247,167.6352639,2019,New Zealand,Wildtype,MAT1-2,Environmental,,,,
E405,-46.7732247,167.6352639,2019,New Zealand,Wildtype,MAT1-2,Environmental,,,,
E406,-46.7732247,167.6352639,2019,New Zealand,Wildtype,MAT1-2,Environmental,,,,
E407,-46.7732247,167.6352639,2019,New Zealand,Wildtype,MAT1-2,Environmental,,,,
E408,-46.7732247,167.6352639,2019,New Zealand,Wildtype,MAT1-2,Environmental,,,,
E409,-46.7732247,167.6352639,2019,New Zealand,Wildtype,MAT1-2,Environmental,,,,
E410,-46.7732247,167.6352639,2012,New Zealand,Wildtype,MAT1-2,Environmental,,,,
E411,-46.7732247,167.6352639,2019,New Zealand,Wildtype,MAT1-2,Environmental,,,,
E412,-41.5000831,172.8344077,1961,New Zealand,Wildtype,MAT1-2,Environmental,,,,
E413,-46.7732247,167.6352639,2019,New Zealand,Wildtype,MAT1-2,Environmental,,,,
E414,-45.7571029,166.5142059,2019,New Zealand,Wildtype,MAT1-2,Environmental,,,,
E415,-45.7571029,166.5142059,2019,New Zealand,Wildtype,MAT1-2,Environmental,,,,
E416,-45.7571029,166.5142059,2019,New Zealand,Wildtype,MAT1-2,Environmental,,,,
E417,-46.7732247,167.6352639,2019,New Zealand,Wildtype,MAT1-2,Environmental,,,,
E418,-46.7732247,167.6352639,2019,New Zealand,Wildtype,MAT1-2,Environmental,,,,
E419,-40.7509269,175.6043395,2019,New Zealand,Wildtype,MAT1-2,Environmental,,,,
E420,-41.292095,175.6043395,2011,New Zealand,Wildtype,MAT1-2,Environmental,,,,
E421,-38.1088427,176.2214061,2011,New Zealand,Wildtype,MAT1-2,Environmental,,,,
E423,-36.853157,174.7634583,1962,New Zealand,Wildtype,MAT1-2,Environmental,,,,
E424,-46.7732247,167.6352639,2019,New Zealand,Wildtype,MAT1-2,Environmental,,,,
C445,37.4316,-78.6569,2016,USA,TR34/L98H,,Clinical,,,,
C446,46.8797,-110.3626,2016,USA,Wildtype,,Clinical,,,,
C447,40.4173,-82.9071,2015,USA,Wildtype,,Clinical,,,,
C448,32.1656,-82.9001,2015,USA,Wildtype,,Clinical,,,,
C449,32.1656,-82.9001,2015,USA,Wildtype,,Clinical,,,,
C450,36.7783,-119.4179,2016,USA,Wildtype,,Clinical,,,,
C451,40.6331,-89.3985,2016,USA,Wildtype,,Clinical,,,,
C452,37.4316,-78.6569,2016,USA,Wildtype,,Clinical,,,,
C453,36.7783,-119.4179,2016,USA,Wildtype,,Clinical,,,,
C454,36.7783,-119.4179,2016,USA,Wildtype,,Clinical,,,,
C455,30.9843,-91.9623,2016,USA,Wildtype,,Clinical,,,,
C456,34.0489,-111.0937,2016,USA,Wildtype,,Clinical,,,,
C457,42.4072,-71.3824,2016,USA,Wildtype,,Clinical,,,,
C458,27.6648,-81.5158,2016,USA,Wildtype,,Clinical,,,,
C459,40.6331,-89.3985,2016,USA,Wildtype,,Clinical,,,,
C460,40.4173,-82.9071,2015,USA,Wildtype,,Clinical,,,,
C461,27.6648,-81.5158,2016,USA,Wildtype,,Clinical,,,,
C462,41.2033,-77.1945,2016,USA,TR34/L98H,,Clinical,,,,
C463,32.1656,-82.9001,2016,USA,Wildtype,,Clinical,,,,
C464,27.6648,-81.5158,2016,USA,Wildtype,,Clinical,,,,
C465,34.0489,-111.0937,2016,USA,Wildtype,,Clinical,,,,
C466,34.0489,-111.0937,2016,USA,Wildtype,,Clinical,,,,
C467,36.7783,-119.4179,2016,USA,Wildtype,,Clinical,,,,
C468,36.7783,-119.4179,2016,USA,Wildtype,,Clinical,,,,
C469,30.9843,-91.9623,2016,USA,Wildtype,,Clinical,,,,
C470,31.9686,-99.9018,2016,USA,Wildtype,,Clinical,,,,
C471,40.2672,-86.1349,2015,USA,Wildtype,,Clinical,,,,
C472,44.3148,-85.6024,2016,USA,Wildtype,,Clinical,,,,
C473,36.7783,-119.4179,2016,USA,Wildtype,,Clinical,,,,
C474,36.7783,-119.4179,2016,USA,Wildtype,,Clinical,,,,
C475,34.0489,-111.0937,2016,USA,Wildtype,,Clinical,,,,
C476,35.5175,-86.5804,2015,USA,Wildtype,,Clinical,,,,
C477,34.0489,-111.0937,2016,USA,Wildtype,,Clinical,,,,
C478,39.5501,-105.7821,2016,USA,Wildtype,,Clinical,,,,
C479,37.8393,-84.27,2016,USA,Wildtype,,Clinical,,,,
C480,34.0489,-111.0937,2016,USA,Wildtype,,Clinical,,,,
C481,39.5501,-105.7821,2016,USA,Wildtype,,Clinical,,,,
C482,40.7128,-74.006,2015,USA,Wildtype,,Clinical,,,,
C483,41.878,-93.0977,2016,USA,Wildtype,,Clinical,,,,
C484,40.2672,-86.1349,2016,USA,Wildtype,,Clinical,,,,
C485,40.2672,-86.1349,2016,USA,Wildtype,,Clinical,,,,
C486,37.8393,-84.27,2015,USA,Wildtype,,Clinical,,,,
C487,40.4173,-82.9071,2015,USA,Wildtype,,Clinical,,,,
C488,27.6648,-81.5158,2016,USA,Wildtype,,Clinical,,,,
C489,40.0583,-74.4057,2016,USA,Wildtype,,Clinical,,,,
C490,35.5175,-86.5804,2015,USA,Wildtype,,Clinical,,,,
C491,44.3148,-85.6024,2016,USA,Wildtype,,Clinical,,,,
C492,40.6331,-89.3985,2016,USA,Wildtype,,Clinical,,,,
C493,40.7128,-74.006,2015,USA,Wildtype,,Clinical,,,,
C494,40.6331,-89.3985,2016,USA,Wildtype,,Clinical,,,,
C495,40.6331,-89.3985,2016,USA,Wildtype,,Clinical,,,,
C496,40.6331,-89.3985,2015,USA,Wildtype,,Clinical,,,,
C497,40.6331,-89.3985,2015,USA,Wildtype,,Clinical,,,,
C498,36.7783,-119.4179,2015,USA,Wildtype,,Clinical,,,,
C499,36.7783,-119.4179,2015,USA,Wildtype,,Clinical,,,,
C500,34.0489,-111.0937,2015,USA,Wildtype,,Clinical,,,,
C501,42.4072,-71.3824,2015,USA,Wildtype,,Clinical,,,,
C502,42.4072,-71.3824,2015,USA,Wildtype,,Clinical,,,,
C503,42.4072,-71.3824,2015,USA,Wildtype,,Clinical,,,,
C504,40.7128,-74.006,2015,USA,Wildtype,,Clinical,,,,
C505,42.4072,-71.3824,2015,USA,Wildtype,,Clinical,,,,
C506,42.4072,-71.3824,2015,USA,Wildtype,,Clinical,,,,
C507,43.076,-107.2903,2015,USA,Wildtype,,Clinical,,,,
C508,34.0489,-111.0937,2015,USA,Wildtype,,Clinical,,,,
C509,46.7296,-94.6859,2016,USA,Wildtype,,Clinical,,,,
C510,46.7296,-94.6859,2016,USA,Wildtype,,Clinical,,,,
C511,37.8393,-84.27,2015,USA,Wildtype,,Clinical,,,,
C512,39.0458,-76.6413,2015,USA,Wildtype,,Clinical,,,,
C513,39.0458,-76.6413,2014,USA,Wildtype,,Clinical,,,,
C514,39.0458,-76.6413,2014,USA,Wildtype,,Clinical,,,,
C515,40.7128,-74.006,2015,USA,Wildtype,,Clinical,,,,
C516,38.9108,-75.5277,2015,USA,Wildtype,,Clinical,,,,
C517,38.9108,-75.5277,2015,USA,Wildtype,,Clinical,,,,
C518,47.5515,-101.002,2015,USA,Wildtype,,Clinical,,,,
C519,41.2033,-77.1945,2015,USA,Wildtype,,Clinical,,,,
C520,34.0489,-111.0937,2015,USA,Wildtype,,Clinical,,,,
C521,41.2033,-77.1945,2015,USA,Wildtype,,Clinical,,,,
C522,41.2033,-77.1945,2015,USA,Wildtype,,Clinical,,,,
C523,39.0458,-76.6413,2015,USA,Wildtype,,Clinical,,,,
C524,39.0458,-76.6413,2015,USA,Wildtype,,Clinical,,,,
C525,40.7128,-74.006,2015,USA,Wildtype,,Clinical,,,,
C526,40.2672,-86.1349,2015,USA,Wildtype,,Clinical,,,,
C527,40.2672,-86.1349,2015,USA,Wildtype,,Clinical,,,,
C528,39.0458,-76.6413,2014,USA,Wildtype,,Clinical,,,,
C529,41.2033,-77.1945,2015,USA,TR34,,Clinical,,,,
C530,41.2033,-77.1945,2015,USA,Wildtype,,Clinical,,,,
C531,32.1656,-82.9001,2015,USA,Wildtype,,Clinical,,,,
C532,32.1656,-82.9001,2015,USA,Wildtype,,Clinical,,,,
C533,32.1656,-82.9001,2015,USA,Wildtype,,Clinical,,,,
C534,32.1656,-82.9001,2015,USA,Wildtype,,Clinical,,,,
C535,32.1656,-82.9001,2015,USA,Wildtype,,Clinical,,,,
C536,44.3148,-85.6024,2015,USA,Wildtype,,Clinical,,,,
C537,35.7596,-79.0193,2013,USA,Wildtype,,Clinical,,,,
C538,35.7596,-79.0193,2013,USA,Wildtype,,Clinical,,,,
C539,37.09024,-95.712891,,USA,Wildtype,,Clinical,,,,
C540,37.09024,-95.712891,,USA,Wildtype,,Clinical,,,,
E425,32.1656,-82.9001,2015,USA,TR34/L98H,,Environmental,,,,
E426,32.1656,-82.9001,2015,USA,TR34/L98H,,Environmental,,,,
E427,32.1656,-82.9001,2015,USA,Wildtype,,Environmental,,,,
E428,32.1656,-82.9001,2015,USA,Wildtype,,Environmental,,,,
E429,32.1656,-82.9001,2015,USA,Wildtype,,Environmental,,,,
E430,32.1656,-82.9001,2015,USA,Wildtype,,Environmental,,,,
C541,35.7596,-79.0193,2014,USA,Wildtype,,Clinical,,,,
E431,32.1656,-82.9001,2015,USA,Wildtype,,Environmental,,,,
E432,32.1656,-82.9001,2015,USA,TR34/L98H,,Environmental,,,,
E433,32.1656,-82.9001,2015,USA,Wildtype,,Environmental,,,,
E434,32.1656,-82.9001,2015,USA,TR34/L98H,,Environmental,,,,
E435,32.1656,-82.9001,2015,USA,TR34/L98H,,Environmental,,,,
E436,32.1656,-82.9001,2015,USA,Wildtype,,Environmental,,,,
E437,32.1656,-82.9001,2015,USA,TR34/L98H,,Environmental,,,,
C542,37.4316,-78.6569,2017,USA,Wildtype,,Clinical,,,,
C543,37.4316,-78.6569,2017,USA,Wildtype,,Clinical,,,,
C544,38.5976,-80.4549,2017,USA,Wildtype,,Clinical,,,,
C545,44.3148,-85.6024,2015,USA,Wildtype,,Clinical,,,,
C546,36.7783,-119.4179,2017,USA,Wildtype,,Clinical,,,,
C547,41.2033,-77.1945,2017,USA,Wildtype,,Clinical,,,,
C548,36.7783,-119.4179,2017,USA,TR34/L98H,,Clinical,,,,
C549,37.4316,-78.6569,2016,USA,TR34/L98H,,Clinical,,,,
C550,41.2033,-77.1945,2017,USA,TR34/L98H,,Clinical,,,,
C551,41.2033,-77.1945,2016,USA,Wildtype,,Clinical,,,,
C552,41.2033,-77.1945,2016,USA,Wildtype,,Clinical,,,,
C553,40.0583,-74.4057,2016,USA,Wildtype,,Clinical,,,,
C554,40.0583,-74.4057,2016,USA,Wildtype,,Clinical,,,,
C555,35.201,-91.8318,2016,USA,Wildtype,,Clinical,,,,
C556,44.3148,-85.6024,2015,USA,Wildtype,,Clinical,,,,
C557,38.9108,-75.5277,2016,USA,Wildtype,,Clinical,,,,
C558,46.8797,-110.3626,2016,USA,Wildtype,,Clinical,,,,
C559,43.076,-107.2903,2016,USA,Wildtype,,Clinical,,,,
C560,46.8797,-110.3626,2016,USA,Wildtype,,Clinical,,,,
C561,35.201,-91.8318,2016,USA,Wildtype,,Clinical,,,,
C562,32.3547,-89.3985,2016,USA,Wildtype,,Clinical,,,,
C563,37.8393,-84.27,2016,USA,Wildtype,,Clinical,,,,
C564,37.8393,-84.27,2016,USA,Wildtype,,Clinical,,,,
C565,35.201,-91.8318,2016,USA,Wildtype,,Clinical,,,,
C566,31.9686,-99.9018,2016,USA,Wildtype,,Clinical,,,,
C567,31.9686,-99.9018,2015,USA,Wildtype,,Clinical,,,,
C568,41.2033,-77.1945,2016,USA,Wildtype,,Clinical,,,,
C569,41.2033,-77.1945,2016,USA,Wildtype,,Clinical,,,,
C570,37.09024,-95.712891,2016,USA,Wildtype,,Clinical,,,,
C571,43.7844,-88.7879,2016,USA,Wildtype,,Clinical,,,,
C572,37.4316,-78.6569,2016,USA,Wildtype,,Clinical,,,,
C573,64.2008,-149.4937,2016,USA,Wildtype,,Clinical,,,,
C574,38.9108,-75.5277,2016,USA,Wildtype,,Clinical,,,,
C575,32.1656,-82.9001,2016,USA,Wildtype,,Clinical,,,,
C576,43.076,-107.2903,2016,USA,Wildtype,,Clinical,,,,
C577,38.9108,-75.5277,2016,USA,Wildtype,,Clinical,,,,
C578,40.2672,-86.1349,2015,USA,Wildtype,,Clinical,,,,
C579,41.2033,-77.1945,2016,USA,Wildtype,,Clinical,,,,
C580,36.7783,-119.4179,2016,USA,Wildtype,,Clinical,,,,
C581,36.7783,-119.4179,2016,USA,Wildtype,,Clinical,,,,
C582,36.7783,-119.4179,2016,USA,Wildtype,,Clinical,,,,
C583,41.2033,-77.1945,2016,USA,Wildtype,,Clinical,,,,
C584,32.3182,-86.9023,2016,USA,Wildtype,,Clinical,,,,
C585,32.1656,-82.9001,2016,USA,Wildtype,,Clinical,,,,
C586,32.1656,-82.9001,2016,USA,Wildtype,,Clinical,,,,
C587,40.4173,-82.9071,2016,USA,Wildtype,,Clinical,,,,
C588,40.0583,-74.4057,2016,USA,Wildtype,,Clinical,,,,
C589,40.2672,-86.1349,2015,USA,Wildtype,,Clinical,,,,
C590,40.6331,-89.3985,2016,USA,Wildtype,,Clinical,,,,
C591,35.201,-91.8318,2016,USA,Wildtype,,Clinical,,,,
C592,40.0583,-74.4057,2016,USA,Wildtype,,Clinical,,,,
C593,41.2033,-77.1945,2016,USA,Wildtype,,Clinical,,,,
C594,41.2033,-77.1945,2016,USA,Wildtype,,Clinical,,,,
C595,34.0489,-111.0937,2016,USA,Wildtype,,Clinical,,,,
C596,34.5199,-105.8701,2016,USA,Wildtype,,Clinical,,,,
C597,37.9643,-91.8318,2016,USA,Wildtype,,Clinical,,,,
C598,42.4072,-71.3824,2016,USA,Wildtype,,Clinical,,,,
C599,35.201,-91.8318,2016,USA,Wildtype,,Clinical,,,,
C600,40.4173,-82.9071,2015,USA,Wildtype,,Clinical,,,,
C601,39.5501,-105.7821,2016,USA,Wildtype,,Clinical,,,,
C602,40.2672,-86.1349,2016,USA,Wildtype,,Clinical,,,,
C603,40.2672,-86.1349,2016,USA,Wildtype,,Clinical,,,,
C604,32.1656,-82.9001,2016,USA,Wildtype,,Clinical,,,,
C605,38.9072,-77.0369,2016,USA,Wildtype,,Clinical,,,,
C606,27.6648,-81.5158,2016,USA,Wildtype,,Clinical,,,,
C607,37.9643,-91.8318,2016,USA,Wildtype,,Clinical,,,,
C608,27.6648,-81.5158,2016,USA,Wildtype,,Clinical,,,,
C609,36.7783,-119.4179,2016,USA,Wildtype,,Clinical,,,,
C610,31.9686,-99.9018,2015,USA,Wildtype,,Clinical,,,,
E287,51.617608,-1.068057,2018,UK,Wildtype,,Environmental,0.06,0.25,0.03,
E288,51.617608,-1.068057,2018,UK,TR46/Y121F/T289A,,Environmental,16,16,0.5,
E289,51.617608,-1.068057,2018,UK,Wildtype,,Environmental,,,,
E290,53.779542,-1.508761,2018,UK,TR34/L98H,,Environmental,,,,
E291,53.779542,-1.508761,2018,UK,Wildtype,,Environmental,16,2,0.25,
E292,51.603661,-1.132453,2018,UK,Wildtype,,Environmental,,,,
E293,51.603661,-1.132453,2018,UK,TR34/L98H,,Environmental,16,2,0.25,
E294,51.597187,-1.131219,2018,UK,Wildtype,,Environmental,,,,
E295,51.597187,-1.131219,2018,UK,Wildtype,,Environmental,0.125,0.25,0.06,
E296,51.597187,-1.131219,2018,UK,TR34/L98H,,Environmental,16,2,0.5,
E297,51.618533,-0.776019,2018,UK,Wildtype,,Environmental,0.12,0.25,0.03,
E298,51.618533,-0.776019,2018,UK,TR34/L98H,,Environmental,16,1,0.5,
E299,51.618533,-0.776019,2018,UK,Wildtype,,Environmental,,,,
E300,51.618533,-0.776019,2018,UK,Wildtype,,Environmental,,,,
E301,51.618533,-0.776019,2018,UK,Wildtype,,Environmental,0.12,0.25,0.06,
E302,51.618533,-0.776019,2018,UK,TR34/L98H,,Environmental,16,2,0.25,
E303,51.618533,-0.776019,2018,UK,Wildtype,,Environmental,0.12,0.5,0.06,
E304,51.618533,-0.776019,2018,UK,TR34/L98H,,Environmental,16,2,0.25,
E305,51.618533,-0.776019,2018,UK,Wildtype,,Environmental,16,2,0.25,
E306,53.809,-3.015526,2018,UK,TR34/L98H,,Environmental,,,,
E307,53.809,-3.015526,2018,UK,TR34/L98H,,Environmental,16,2,0.25,
E308,53.809,-3.015526,2018,UK,Wildtype,,Environmental,0.12,0.25,0.06,
E309,53.809,-3.015526,2018,UK,TR34/L98H,,Environmental,16,2,0.25,
E311,53.25271,-2.516405,2018,UK,Wildtype,,Environmental,,,,
E312,53.25271,-2.516405,2018,UK,TR34/L98H,,Environmental,16,4,0.5,
E313,51.649206,-0.433376,2018,UK,Wildtype,,Environmental,,,,
E315,51.649206,-0.433376,2018,UK,TR34/L98H,,Environmental,16,4,0.5,
E316,51.649206,-0.433376,2018,UK,TR34/L98H,,Environmental,16,4,0.5,
E317,51.649206,-0.433376,2018,UK,Wildtype,,Environmental,0.06,0.25,0.06,
E318,51.649206,-0.433376,2018,UK,TR34/L98H,,Environmental,16,2,0.25,
E321,51.649206,-0.433376,2018,UK,Wildtype,,Environmental,0.12,0.25,0.06,
E322,51.649206,-0.433376,2018,UK,TR34/L98H,,Environmental,16,2,0.25,
E323,55.923618,-3.176225,2018,UK,TR34/L98H,,Environmental,,,,
E324,55.923618,-3.176225,2018,UK,TR34/L98H,,Environmental,16,2,0.25,
E325,55.923618,-3.176225,2018,UK,TR34/L98H,,Environmental,16,2,0.25,
E326,52.34736,-1.935833,2018,UK,Wildtype,,Environmental,,,,
E327,52.34736,-1.935833,2018,UK,TR34/L98H,,Environmental,16,2,0.25,
E329,51.866379,-2.232073,2018,UK,Wildtype,,Environmental,,,,
E330,52.132633,5.291266,2018,Netherlands,TR34,,Environmental,16,2,0.25,
E331,52.132633,5.291266,2018,Netherlands,Wildtype,,Environmental,,,,
E332,52.132633,5.291266,2018,Netherlands,Wildtype,,Environmental,,,,
E333,52.132633,5.291266,2018,Netherlands,TR34/L98H,,Environmental,16,2,0.25,
E334,52.132633,5.291266,2018,Netherlands,TR34/L98H,,Environmental,16,2,0.25,
E335,52.132633,5.291266,2018,Netherlands,Wildtype,,Environmental,,,,
E336,52.132633,5.291266,2018,Netherlands,Wildtype,,Environmental,0.12,0.25,0.06,
E337,52.132633,5.291266,2018,Netherlands,TR46/Y121F/T289A,,Environmental,16,16,0.5,
E338,52.132633,5.291266,2018,Netherlands,Wildtype,,Environmental,,,,
E339,52.132633,5.291266,2018,Netherlands,TR34/L98H,,Environmental,16,4,0.25,
E340,52.132633,5.291266,2018,Netherlands,Wildtype,,Environmental,,,,
E341,52.132633,5.291266,2018,Netherlands,TR34/L98H,,Environmental,16,1,0.25,
E342,50.834432,-0.431149,2018,UK,TR34/L98H,,Environmental,16,1,0.5,
E343,50.834432,-0.431149,2018,UK,Wildtype,,Environmental,0.12,0.25,0.03,
E344,50.834432,-0.431149,2018,UK,Wildtype,,Environmental,,,,
E345,53.315515,-1.530895,2018,UK,D262Y,,Environmental,,,,
E346,53.315515,-1.530895,2018,UK,Wildtype,,Environmental,0.125,0.25,0.03,
E347,53.315515,-1.530895,2018,UK,TR34/L98H,,Environmental,16,4,0.25,
E348,50.350321,-4.033167,2018,UK,Wildtype,,Environmental,0.06,0.25,0.03,
E349,50.350321,-4.033167,2018,UK,TR34/L98H,,Environmental,16,2,0.5,
E350,50.350321,-4.033167,2018,UK,Wildtype,,Environmental,,,,
E351,50.350321,-4.033167,2018,UK,Wildtype,,Environmental,,,,
E352,50.350321,-4.033167,2018,UK,Wildtype,,Environmental,,,,
E353,50.350321,-4.033167,2018,UK,TR34/L98H,,Environmental,16,2,0.5,
E354,50.350321,-4.033167,2018,UK,Wildtype,,Environmental,0.06,0.25,0.03,
E355,50.350321,-4.033167,2018,UK,TR34/L98H,,Environmental,16,2,0.25,
E356,53.01707,-1.629936,2018,UK,Wildtype,,Environmental,0.12,0.25,0.03,
E357,53.01707,-1.629936,2018,UK,TR34/L98H,,Environmental,16,2,0.5,
E359,52.433631,-1.790078,2018,UK,TR34/L98H,,Environmental,16,2,0.5,
E360,52.433631,-1.790078,2018,UK,Wildtype,,Environmental,,,,
E361,52.433631,-1.790078,2018,UK,Wildtype,,Environmental,,,,
E362,52.433631,-1.790078,2018,UK,Wildtype,,Environmental,0.12,0.5,0.06,
E363,,,2018,,Wildtype,,Environmental,,,,
E364,52.433631,-1.790078,2018,UK,TR34/L98H,,Environmental,16,1,0.5,
E365,50.101925,-5.551099,2018,UK,Wildtype,,Environmental,16,2,0.25,
E367,52.53979,13.262126,2018,Germany,Wildtype,,Environmental,,,,
E368,52.53979,13.262126,2018,Germany,TR34/L98H,,Environmental,16,2,0.25,
E369,51.33087,12.439071,2018,Germany,Wildtype,,Environmental,,,,
E370,51.33087,12.439071,2018,Germany,TR34/L98H,,Environmental,16,2,0.25,
E371,51.538055,0.0125,2018,UK,Wildtype,,Environmental,,,,
E372,51.538055,0.0125,2018,UK,Wildtype,,Environmental,,,,
E373,51.538055,0.0125,2018,UK,TR34,,Environmental,16,2,0.25,
E374,51.538055,0.0125,2018,UK,TR34/L98H,,Environmental,16,2,0.25,
E375,53.332989,-2.214317,2018,UK,D262Y,,Environmental,0.12,0.5,0.03,
E376,53.332989,-2.214317,2018,UK,TR34/L98H,,Environmental,16,2,0.25,
E377,53.332989,-2.214317,2018,UK,Wildtype,,Environmental,,,,
E378,53.302646,-3.815881,2018,UK,Wildtype,,Environmental,,,,
E379,53.302646,-3.815881,2018,UK,Wildtype,,Environmental,16,2,0.25,
E380,54.395998,-3.478754,2018,UK,TR34/L98H,,Environmental,16,2,0.25,
E381,54.395998,-3.478754,2018,UK,TR34/L98H,,Environmental,16,2,0.5,
E382,52.206241,1.581443,2018,UK,TR34/L98H,,Environmental,16,2,0.25,
E383,51.730568,-0.453951,2018,UK,TR34/L98H,,Environmental,16,2,0.25,
E385,55.016538,-1.619684,2018,UK,TR34/L98H,,Environmental,16,2,0.25,
E386,50.930813,-1.443425,2018,UK,TR34/L98H,,Environmental,16,2,0.25,
E387,51.594888,-1.12559,2018,UK,Wildtype,,Environmental,,,,
E388,51.496174,-2.596247,2018,UK,Wildtype,,Environmental,0.12,0.12,0.03,
C422,51.46703,-0.09071,2021,UK,Wildtype,,Clinical,,,,
C423,51.46703,-0.09071,2021,UK,Wildtype,,Clinical,,,,
C424,51.46703,-0.09071,2021,UK,Wildtype,,Clinical,,,,
C425,51.46703,-0.09071,2021,UK,Wildtype,,Clinical,,,,
C426,53.3393,6.2965,2021,Republic of Ireland,Wildtype,,Clinical,,,,
C427,53.3393,6.2965,2021,Republic of Ireland,Wildtype,,Clinical,,,,
C428,53.3393,6.2965,2021,Republic of Ireland,Wildtype,,Clinical,,,,
C429,53.3393,6.2965,2021,Republic of Ireland,Wildtype,,Clinical,,,,
C430,53.3393,6.2965,2021,Republic of Ireland,Wildtype,,Clinical,,,,
C431,53.3393,6.2965,2021,Republic of Ireland,Wildtype,,Clinical,,,,
C432,53.3393,6.2965,2021,Republic of Ireland,Wildtype,,Clinical,,,,
C433,53.3393,6.2965,2021,Republic of Ireland,Wildtype,,Clinical,,,,
C434,53.3393,6.2965,2021,Republic of Ireland,Wildtype,,Clinical,,,,
C435,53.3393,6.2965,2021,Republic of Ireland,Wildtype,,Clinical,,,,
C436,53.3393,6.2965,2021,Republic of Ireland,Wildtype,,Clinical,,,,
C437,53.3393,6.2965,2021,Republic of Ireland,Wildtype,,Clinical,,,,
C438,53.3393,6.2965,2021,Republic of Ireland,TR34/L98H,,Clinical,,,,
C439,53.3393,6.2965,2021,Republic of Ireland,Wildtype,,Clinical,,,,
C440,53.3393,6.2965,2021,Republic of Ireland,Wildtype,,Clinical,,,,
C441,53.3393,6.2965,2021,Republic of Ireland,TR34/L98H,,Clinical,,,,
C442,53.3393,6.2965,2021,Republic of Ireland,TR34/L98H,,Clinical,,,,
C443,53.3393,6.2965,2021,Republic of Ireland,Wildtype,,Clinical,,,,
C444,53.3393,6.2965,2021,Republic of Ireland,TR34/L98H,,Clinical,,,,
C611,53.3393,6.2965,2021,Republic of Ireland,Wildtype,,Environmental,,,,
C612,53.3393,6.2965,2021,Republic of Ireland,Wildtype,,Environmental,,,,
E389,53.3393,6.2965,2021,Republic of Ireland,TR34/L98H,,Environmental,,,,
E390,53.3393,6.2965,2021,Republic of Ireland,TR34/L98H,,Environmental,,,,
E391,53.3393,6.2965,2021,Republic of Ireland,TR34/L98H,,Environmental,,,,
E392,53.3393,6.2965,2021,Republic of Ireland,TR34/L98H,,Environmental,,,,
E393,53.3393,6.2965,2021,Republic of Ireland,TR34/L98H,,Environmental,,,,
E394,53.3393,6.2965,2021,Republic of Ireland,TR34/L98H,,Environmental,,,,
E395,53.3393,6.2965,2021,Republic of Ireland,TR34/L98H,,Environmental,,,,
E396,53.3393,6.2965,2021,Republic of Ireland,TR34/L98H,,Environmental,,,,
E397,53.3393,6.2965,2021,Republic of Ireland,TR34/L98H,,Environmental,,,,
E398,53.3393,6.2965,2021,Republic of Ireland,TR34/L98H,,Environmental,,,,
E399,53.3393,6.2965,2021,Republic of Ireland,Wildtype,,Environmental,,,,
E400,53.3393,6.2965,2021,Republic of Ireland,TR34/L98H,,Environmental,,,,
E439,51.6024,1.1107,2019,UK,TR34/L98H,,Environmental,,,,
E442,51.4361,0.1562,2019,UK,TR34/L98H,,Environmental,,,,
E443,51.4361,0.1562,2019,UK,TR34/L98H,,Environmental,,,,
E445,53.3879,2.2932,2019,UK,TR34/L98H,,Environmental,,,,
E446,53.3879,2.2932,2019,UK,TR34/L98H,,Environmental,,,,
E447,53.3879,2.2932,2019,UK,TR34/L98H,,Environmental,,,,
E448,51.5893,1.4534,2019,UK,TR34/L98H,,Environmental,,,,
E449,52.0931,0.0766,2019,UK,TR34/L98H,,Environmental,,,,
E450,51.7457,1.1348,2019,UK,TR34/L98H,,Environmental,,,,
E451,51.7457,1.1348,2019,UK,TR34/L98H,,Environmental,,,,
E453,54.0621,2.8047,2019,UK,Wildtype,,Environmental,,,,
E454,54.0621,2.8047,2019,UK,Wildtype,,Environmental,,,,
E500,51.5072,0.1276,2018,UK,TR46/Y121F/T289A,,Environmental,,,,
E501,51.5072,0.1276,2018,UK,TR34/L98H,,Environmental,,,,
E502,51.5072,0.1276,2018,UK,TR34/L98H,,Environmental,,,,
E503,9.171799,105.144859,2018,UK,Wildtype,,Environmental,#N/A,#N/A,#N/A,
E505,10.691228,106.654811,2018,UK,Wildtype,,Environmental,#N/A,#N/A,#N/A,
E506,9.171262,105.160672,2018,UK,TR34/L98H,,Environmental,>16,0.5,0.25,
E507,10.801077,106.645702,2018,UK,TR34/L98H,,Environmental,>16,0.5,0.25,
E508,10.752462,106.679823,2018,UK,TR34/L98H,,Environmental,>16,0.5,0.25,
E509,10.754665,106.710162,2018,UK,TR34/L98H,,Environmental,>16,0.5,0.25,
E510,10.754665,106.710162,2018,UK,TR34/L98H,,Environmental,>16,0.5,0.25,
E511,10.754665,106.710162,2018,UK,TR34/L98H,,Environmental,>16,0.5,0.25,
E512,64.054472,-21.306472,2018,Iceland,Wildtype,,Environmental,,,,
E513,64.054472,-21.306472,2018,Iceland,Wildtype,,Environmental,,,,
E514,64.054472,-21.306472,2018,Iceland,Wildtype,,Environmental,,,,
E515,64.054472,-21.306472,2018,Iceland,Wildtype,,Environmental,,,,
E516,64.054278,-21.305694,2018,Iceland,TR46/Y121F/T289A,,Environmental,,,,
E517,64.054278,-21.305694,2018,Iceland,TR46/Y121F/T289A,,Environmental,,,,
E518,64.054472,-21.306472,2018,Iceland,Wildtype,,Environmental,,,,
E519,64.054472,-21.306472,2018,Iceland,TR46/Y121F/T289A,,Environmental,,,,16
E520,64.054278,-21.305694,2018,Iceland,Wildtype,,Environmental,,,,
E521,64.963051,-19.020836,2018,Iceland,TR46/Y121F/T289A,,Environmental,,,,
E522,64.055806,-21.303722,2018,Iceland,TR34/L98H,,Environmental,,,,
E523,64.055806,-21.303722,2018,Iceland,TR34/L98H,,Environmental,,,,
E524,64.055806,-21.303722,2018,Iceland,TR34/L98H,,Environmental,,,,
E525,64.055278,-21.303722,2018,Iceland,TR34/L98H,,Environmental,,,,16
E526,64.055278,-21.303722,2018,Iceland,TR34/L98H,,Environmental,,,,
E528,52.4336,1.7901,2018,UK,Wildtype,,Environmental,,,,
E529,51.3811,2.359,2018,UK,TR34/L98H,,Environmental,,,,
E530,50.8759,1.6328,2018,UK,TR34/L98H,,Environmental,,,,
E438,51.60234,-1.11068,2019,UK,TR46/Y121F/T289A/S363P/I364V/G448S,,Environmental,,,,
E440,51.43613,-0.15618,2019,UK,Wildtype,,Environmental,,,,
E441,51.43613,-0.15618,2019,UK,TR34/L98H,,Environmental,,,,
E444,53.38792,-2.29319,2019,UK,Wildtype,,Environmental,,,,
E455,54.06208,-2.80469,2019,UK,I242V,,Environmental,,,,
E456,54.06208,-2.80469,2019,UK,I242V,,Environmental,,,,
E457,54.06208,-2.80469,2019,UK,TR34/L98H,,Environmental,,,,
E458,54.06208,-2.80469,2019,UK,I242V,,Environmental,,,,
E459,54.06208,-2.80469,2019,UK,C270R,,Environmental,,,,
E460,51.74774,-1.14057,2019,UK,TR46/Y121F/T289A,,Environmental,,,,
E461,51.74774,-1.14057,2019,UK,TR34/L98H/T289A/I364V/G448S,,Environmental,,,,
E462,56.57798,-3.32081,2019,UK,Wildtype,,Environmental,,,,
E463,50.88417,0.55095,2019,UK,Y121F/T289A/S363P/I364V/G448S,,Environmental,,,,
E464,50.88417,0.55095,2019,UK,TR46/Y121F/T289A/S363P/I364V/G448S,,Environmental,,,,
E465,50.88417,0.55095,2019,UK,TR46/Y121F/T289A/S363P/I364V/G448S,,Environmental,,,,
E466,50.88417,0.55095,2019,UK,TR46/Y121F/T289A/S363P/I364V/G448S,,Environmental,,,,
E467,51.43426,-0.07711,2019,UK,D430G,,Environmental,,,,
E468,51.43426,-0.07711,2019,UK,D430G,,Environmental,,,,
E469,51.43426,-0.07711,2019,UK,D430G,,Environmental,,,,
E470,51.43426,-0.07711,2019,UK,D430G,,Environmental,,,,
E471,51.43426,-0.07711,2019,UK,TR46/Y121F/T289A/S363P/I364V/G448S,,Environmental,,,,
E472,51.43426,-0.07711,2019,UK,D430G,,Environmental,,,,
E473,51.43426,-0.07711,2019,UK,TR34/L98H,,Environmental,,,,
E474,51.09487,-3.82676,2019,UK,TR34/L98H,,Environmental,,,,
E475,51.75478,-0.58476,2019,UK,TR34/L98H/T289A/I364V/G448S,,Environmental,,,,
E476,51.72104,-0.61017,2019,UK,TR34/L98H/T289A/I364V/G448S,,Environmental,,,,
E477,51.72104,-0.61017,2019,UK,TR34/L98H/T289A/I364V/G448S,,Environmental,,,,
E478,51.72104,-0.61017,2019,UK,TR46/Y121F/T289A,,Environmental,,,,
E479,51.72104,-0.61017,2019,UK,TR46/Y121F/T289A,,Environmental,,,,
E480,51.72104,-0.61017,2019,UK,TR34/L98H,,Environmental,,,,
E481,51.72104,-0.61017,2019,UK,TR34/L98H,,Environmental,,,,
E482,51.72104,-0.61017,2019,UK,Wildtype,,Environmental,,,,
E483,53.65064,-0.67943,2019,UK,TR46/Y121F/T289A,,Environmental,,,,
E484,53.65064,-0.67943,2019,UK,TR46/Y121F/T289A,,Environmental,,,,
E485,53.65064,-0.67943,2019,UK,TR46/Y121F/T289A/G448S,,Environmental,,,,
E486,53.40358,-2.17393,2019,UK,TR34/L98H,,Environmental,,,,
E487,52.47918,-2.06726,2019,UK,TR34/L98H,,Environmental,,,,
E488,52.6362,-2.44579,2019,UK,TR34/L98H,,Environmental,,,,
E489,52.6362,-2.44579,2019,UK,TR46/Y121F/T289A,,Environmental,,,,
E490,50.99756,-4.01224,2019,UK,TR34/L98H,,Environmental,,,,
E491,53.38792,-2.29319,2019,UK,Wildtype,,Environmental,,,,
E492,52.09307,0.07664,2019,UK,Wildtype,,Environmental,,,,
E493,54.06208,-2.80469,2019,UK,Wildtype,,Environmental,,,,
E494,54.06208,-2.80469,2019,UK,Wildtype,,Environmental,,,,
E495,54.06208,-2.80469,2019,UK,I242V,,Environmental,,,,
E497,54.06208,-2.80469,2019,UK,I242V,,Environmental,,,,
E498,54.06208,-2.80469,2019,UK,Wildtype,,Environmental,,,,
E499,54.06208,-2.80469,2019,UK,Wildtype,,Environmental,,,,
E531,54.77346,56.03475,1992,Russia,Wildtype,,Environmental,,,,
E532,54.77346,56.03475,1992,Russia,Wildtype,,Environmental,,,,